"Date","Price","Open","High","Low","Vol.","Change %"
"Nov 20, 2020","4,735.00","4,700.00","4,735.00","4,700.00","2.21K","0.74%"
"Nov 19, 2020","4,700.00","4,899.00","4,899.00","4,700.00","551.26K","-4.06%"
"Nov 18, 2020","4,899.00","4,751.00","4,899.00","4,751.00","800.65K","3.09%"
"Nov 17, 2020","4,752.00","4,681.00","4,752.00","4,610.30","1.05M","1.54%"
"Nov 16, 2020","4,680.00","4,897.00","4,897.00","4,650.90","648.10K","-1.47%"
"Nov 13, 2020","4,750.00","4,703.00","4,790.00","4,700.00","468.67K","3.15%"
"Nov 12, 2020","4,605.00","4,824.10","4,824.10","4,580.00","821.50K","-4.54%"
"Nov 11, 2020","4,824.10","4,960.00","4,960.10","4,715.00","1.03M","-7.44%"
"Nov 10, 2020","5,212.00","5,199.80","5,294.70","4,942.30","422.74K","0.23%"
"Nov 09, 2020","5,199.80","5,209.50","5,330.00","5,002.00","465.37K","-0.19%"
"Nov 06, 2020","5,209.90","4,850.00","5,209.90","4,787.00","267.43K","7.42%"
"Nov 05, 2020","4,850.00","4,570.00","4,889.90","4,483.10","268.64K","5.90%"
"Nov 04, 2020","4,580.00","4,521.00","4,590.00","4,414.90","360.84K","1.29%"
"Nov 03, 2020","4,521.60","4,438.30","4,599.60","4,405.20","437.87K","1.95%"
"Nov 02, 2020","4,435.10","4,370.00","4,549.00","4,370.00","186.09K","1.75%"
"Oct 30, 2020","4,358.70","4,460.00","4,539.00","4,358.70","347.79K","-2.27%"
"Oct 29, 2020","4,460.00","4,639.90","4,639.90","4,460.00","263.28K","-2.25%"
"Oct 28, 2020","4,562.80","4,699.80","4,699.80","4,551.10","280.35K","-2.92%"
"Oct 27, 2020","4,699.80","4,825.50","4,880.60","4,635.00","252.40K","-2.60%"
"Oct 26, 2020","4,825.50","4,790.20","4,970.00","4,780.00","169.39K","-3.45%"
"Oct 23, 2020","4,998.00","4,870.00","5,000.10","4,870.00","372.57K","2.00%"
"Oct 22, 2020","4,900.00","4,901.00","4,950.00","4,811.10","1.18M","-0.02%"
"Oct 21, 2020","4,901.00","4,750.10","4,949.00","4,750.10","331.03K","3.18%"
"Oct 20, 2020","4,750.00","4,670.00","4,798.00","4,670.00","178.35K","1.71%"
"Oct 19, 2020","4,670.00","4,750.00","4,768.00","4,650.00","257.15K","-1.68%"
"Oct 16, 2020","4,750.00","4,580.00","4,799.00","4,550.00","191.93K","-0.42%"
"Oct 15, 2020","4,770.00","4,485.00","4,780.00","4,355.10","573.82K","6.95%"
"Oct 14, 2020","4,460.00","4,480.10","4,522.00","4,401.00","636.73K","-0.45%"
"Oct 13, 2020","4,480.00","4,630.00","4,630.00","4,410.20","270.44K","-2.18%"
"Oct 09, 2020","4,580.00","4,670.00","4,705.30","4,550.00","90.01K","-1.93%"
"Oct 08, 2020","4,669.90","4,526.00","4,669.90","4,369.90","140.81K","4.19%"
"Oct 07, 2020","4,482.30","4,553.00","4,598.00","4,482.30","129.21K","-2.54%"
"Oct 06, 2020","4,599.00","4,620.00","4,658.90","4,550.00","124.56K","-0.13%"
"Oct 05, 2020","4,605.00","4,800.00","4,800.00","4,605.00","156.40K","-3.19%"
"Oct 02, 2020","4,756.80","4,798.30","4,879.90","4,600.00","165.63K","-1.23%"
"Oct 01, 2020","4,816.00","4,869.00","4,869.00","4,740.00","196.09K","-1.47%"
"Sep 30, 2020","4,888.00","4,720.00","4,888.00","4,585.00","331.27K","7.40%"
"Sep 29, 2020","4,551.00","4,696.00","4,759.00","4,551.00","187.26K","-2.45%"
"Sep 28, 2020","4,665.20","4,841.00","4,890.00","4,665.20","115.27K","-3.81%"
"Sep 25, 2020","4,850.00","4,485.20","4,865.00","4,470.40","288.63K","3.92%"
"Sep 24, 2020","4,667.20","4,500.00","4,667.20","4,450.00","181.05K","4.88%"
"Sep 23, 2020","4,450.00","4,625.00","4,625.00","4,450.00","567.01K","-3.68%"
"Sep 22, 2020","4,620.00","4,709.00","4,709.00","4,556.00","131.11K","-1.89%"
"Sep 21, 2020","4,709.00","4,689.90","4,750.00","4,560.20","141.31K","-1.60%"
"Sep 17, 2020","4,785.40","4,590.00","4,785.40","4,511.00","179.77K","4.05%"
"Sep 16, 2020","4,599.20","4,662.20","4,670.00","4,551.30","321.43K","-1.35%"
"Sep 15, 2020","4,662.20","4,664.00","4,739.90","4,650.00","101.81K","0.05%"
"Sep 14, 2020","4,660.00","4,799.80","4,799.80","4,660.00","212.89K","-1.17%"
"Sep 11, 2020","4,715.00","4,867.90","4,867.90","4,710.10","141.06K","-3.16%"
"Sep 10, 2020","4,869.00","4,915.00","4,922.00","4,762.00","164.81K","-3.37%"
"Sep 09, 2020","5,039.00","4,940.00","5,044.90","4,914.80","264.37K","3.47%"
"Sep 08, 2020","4,870.00","5,000.00","5,000.00","4,860.00","119.84K","-3.33%"
"Sep 07, 2020","5,038.00","4,998.00","5,038.00","4,865.00","53.43K","3.64%"
"Sep 04, 2020","4,861.20","5,048.60","5,048.60","4,861.20","118.06K","-3.64%"
"Sep 03, 2020","5,045.00","5,070.00","5,098.00","4,910.20","303.14K","-0.69%"
"Sep 02, 2020","5,080.00","4,745.00","5,080.00","4,706.30","652.66K","7.06%"
"Sep 01, 2020","4,745.00","4,750.00","4,778.00","4,701.00","339.21K","0.82%"
"Aug 31, 2020","4,706.40","4,920.00","4,920.00","4,706.40","939.72K","-4.05%"
"Aug 28, 2020","4,905.00","5,000.00","5,080.00","4,905.00","303.70K","-0.89%"
"Aug 27, 2020","4,948.90","4,800.00","4,949.80","4,770.00","151.22K","3.23%"
"Aug 26, 2020","4,794.00","4,910.20","4,910.30","4,755.00","181.08K","-2.32%"
"Aug 25, 2020","4,908.00","5,032.00","5,032.00","4,852.20","196.38K","-2.46%"
"Aug 24, 2020","5,032.00","5,151.00","5,194.90","5,015.10","124.07K","-1.33%"
"Aug 21, 2020","5,100.00","5,151.10","5,235.10","5,100.00","103.64K","-0.97%"
"Aug 20, 2020","5,150.00","5,180.00","5,191.00","5,150.00","74.05K","-1.28%"
"Aug 19, 2020","5,216.90","5,274.90","5,274.90","5,149.90","234.33K","-1.10%"
"Aug 18, 2020","5,275.00","5,260.60","5,340.00","5,200.00","280.07K","-1.29%"
"Aug 17, 2020","5,344.00","5,279.00","5,349.90","5,270.00","252.64K","1.60%"
"Aug 14, 2020","5,260.00","5,280.00","5,280.00","5,170.10","121.81K","-0.38%"
"Aug 13, 2020","5,280.00","5,299.00","5,340.00","5,225.00","179.83K","-0.34%"
"Aug 12, 2020","5,298.00","5,336.00","5,336.00","5,216.20","357.50K","0.34%"
"Aug 11, 2020","5,280.00","5,326.00","5,326.00","5,201.00","235.50K","-0.38%"
"Aug 10, 2020","5,300.00","5,380.00","5,380.00","5,200.20","250.01K","-0.38%"
"Aug 07, 2020","5,320.00","5,319.00","5,400.00","5,319.00","176.38K","0.00%"
"Aug 06, 2020","5,320.00","5,310.00","5,320.00","5,200.00","174.38K","0.23%"
"Aug 05, 2020","5,308.00","5,349.90","5,430.00","5,300.00","245.22K","1.10%"
"Aug 04, 2020","5,250.00","5,250.00","5,387.00","5,201.00","234.53K","2.92%"
"Aug 03, 2020","5,101.00","5,400.00","5,400.00","5,101.00","121.74K","-5.51%"
"Jul 31, 2020","5,398.20","5,540.00","5,540.00","5,396.60","179.25K","-0.57%"
"Jul 30, 2020","5,429.00","5,400.00","5,449.90","5,300.00","167.88K","0.54%"
"Jul 29, 2020","5,400.00","5,570.00","5,570.00","5,360.00","172.09K","-3.22%"
"Jul 28, 2020","5,579.80","5,620.00","5,720.00","5,451.50","372.98K","0.43%"
"Jul 27, 2020","5,555.80","5,496.00","5,598.00","5,401.00","284.45K","1.20%"
"Jul 24, 2020","5,490.00","5,300.00","5,680.00","5,300.00","139.31K","2.23%"
"Jul 23, 2020","5,370.00","5,205.00","5,480.00","5,205.00","569.36K","0.00%"
"Jul 22, 2020","5,370.00","5,250.00","5,480.00","5,250.00","262.36K","2.29%"
"Jul 21, 2020","5,250.00","5,295.00","5,300.00","5,215.00","717.37K","0.96%"
"Jul 20, 2020","5,199.90","5,320.00","5,448.90","5,102.00","208.99K","-2.35%"
"Jul 17, 2020","5,325.00","5,405.00","5,550.00","5,316.10","196.17K","-4.89%"
"Jul 15, 2020","5,599.00","5,799.00","5,800.00","5,501.00","528.04K","-4.11%"
"Jul 14, 2020","5,839.00","5,614.50","5,839.00","5,550.30","588.89K","2.82%"
"Jul 13, 2020","5,679.00","5,500.00","5,679.00","5,500.00","1.38M","4.11%"
"Jul 10, 2020","5,455.00","5,600.00","5,600.00","5,300.00","113.55K","-2.61%"
"Jul 09, 2020","5,601.00","5,506.00","5,689.00","5,400.00","346.15K","-2.42%"
"Jul 08, 2020","5,740.00","5,750.00","5,800.00","5,644.10","161.04K","-0.17%"
"Jul 07, 2020","5,750.00","5,625.00","5,779.90","5,600.00","318.00K","0.52%"
"Jul 06, 2020","5,720.00","5,682.00","5,850.00","5,682.00","504.75K","1.09%"
"Jul 03, 2020","5,658.40","5,550.00","5,699.00","5,406.00","142.97K","0.76%"
"Jul 02, 2020","5,615.70","5,500.10","5,690.00","5,499.00","497.51K","2.27%"
"Jul 01, 2020","5,491.00","5,400.00","5,492.80","5,315.00","155.43K","3.60%"
"Jun 30, 2020","5,300.00","5,350.00","5,529.00","5,201.90","232.15K","0.38%"
"Jun 26, 2020","5,280.00","5,408.10","5,410.10","5,280.00","187.19K","-2.35%"
"Jun 25, 2020","5,407.10","5,352.00","5,549.00","5,270.00","167.11K","1.07%"
"Jun 24, 2020","5,350.10","5,397.20","5,397.40","5,260.00","1.07M","-0.88%"
"Jun 23, 2020","5,397.40","5,416.10","5,416.50","5,355.00","68.28K","-0.23%"
"Jun 22, 2020","5,410.00","5,508.00","5,599.00","5,350.30","347.17K","-1.73%"
"Jun 19, 2020","5,505.00","5,572.10","5,620.00","5,505.00","421.95K","-1.17%"
"Jun 18, 2020","5,570.00","5,505.00","5,600.00","5,470.00","1.19M","1.24%"
"Jun 17, 2020","5,502.00","5,640.00","5,758.00","5,420.10","944.54K","-1.75%"
"Jun 16, 2020","5,600.00","5,518.00","5,680.00","5,402.30","886.07K","1.82%"
"Jun 15, 2020","5,500.00","5,590.00","5,600.00","5,251.00","152.12K","-1.79%"
"Jun 12, 2020","5,600.00","5,650.00","5,700.00","5,505.40","351.15K","0.72%"
"Jun 11, 2020","5,560.00","5,590.00","5,600.00","5,400.00","932.78K","-1.68%"
"Jun 10, 2020","5,655.00","5,651.00","5,800.00","5,595.00","514.37K","0.98%"
"Jun 09, 2020","5,600.00","5,350.00","5,625.00","5,350.00","361.02K","2.01%"
"Jun 08, 2020","5,489.90","5,500.00","5,651.00","5,230.00","431.13K","1.70%"
"Jun 05, 2020","5,398.00","5,250.00","5,479.90","5,210.00","532.81K","3.83%"
"Jun 04, 2020","5,199.00","5,099.00","5,199.00","5,002.20","193.75K","1.96%"
"Jun 03, 2020","5,099.00","5,050.00","5,189.10","4,987.00","545.75K","1.98%"
"Jun 02, 2020","4,999.90","5,099.00","5,190.00","4,901.20","228.27K","-1.96%"
"Jun 01, 2020","5,100.00","5,090.00","5,149.90","4,900.20","763.72K","0.00%"
"May 29, 2020","5,100.00","4,900.10","5,100.00","4,750.00","807.41K","2.61%"
"May 28, 2020","4,970.10","5,190.00","5,190.00","4,950.00","198.40K","-4.38%"
"May 27, 2020","5,198.00","5,200.00","5,200.00","4,950.00","882.74K","1.92%"
"May 26, 2020","5,100.00","5,146.90","5,190.00","5,075.00","163.10K","0.79%"
"May 25, 2020","5,060.00","4,850.00","5,148.80","4,850.00","215.92K","2.74%"
"May 22, 2020","4,925.00","4,900.00","5,100.00","4,800.00","1.15M","0.59%"
"May 20, 2020","4,896.00","5,043.00","5,050.00","4,896.00","633.19K","-0.26%"
"May 19, 2020","4,909.00","5,025.54","5,235.75","4,819.80","854.68K","-0.73%"
"May 18, 2020","4,944.87","4,829.40","5,017.59","4,818.73","280.31K","5.55%"
"May 15, 2020","4,685.02","4,750.96","4,944.87","4,663.69","229.71K","-1.37%"
"May 14, 2020","4,749.99","4,644.30","4,828.62","4,605.52","357.65K","2.51%"
"May 13, 2020","4,633.64","4,712.17","4,867.21","4,508.56","584.66K","-1.57%"
"May 12, 2020","4,707.33","5,032.14","5,039.89","4,707.33","312.66K","-3.86%"
"May 11, 2020","4,896.39","4,776.17","4,993.45","4,776.17","722.15K","2.81%"
"May 08, 2020","4,762.59","5,235.75","5,235.85","4,762.59","341.57K","-7.76%"
"May 07, 2020","5,163.03","5,332.61","5,429.67","5,139.76","680.94K","0.47%"
"May 06, 2020","5,138.79","4,925.77","5,235.75","4,925.77","702.97K","5.37%"
"May 05, 2020","4,877.00","4,799.44","5,119.40","4,726.72","208.12K","5.23%"
"May 04, 2020","4,634.61","4,847.92","4,847.92","4,600.57","231.23K","-5.35%"
"Apr 30, 2020","4,896.39","4,925.48","4,925.48","4,751.15","277.76K","0.20%"
"Apr 29, 2020","4,886.70","4,654.97","4,944.78","4,654.97","411.45K","6.22%"
"Apr 28, 2020","4,600.67","4,421.40","4,605.52","4,421.40","511.87K","4.29%"
"Apr 27, 2020","4,411.60","4,363.12","4,605.52","4,256.47","280.56K","4.36%"
"Apr 24, 2020","4,227.48","4,314.64","4,324.34","4,227.48","204.37K","-1.36%"
"Apr 23, 2020","4,285.65","4,096.49","4,363.12","4,096.49","585.26K","4.69%"
"Apr 22, 2020","4,093.58","4,043.16","4,093.58","4,033.08","314.45K","4.22%"
"Apr 21, 2020","3,927.78","4,129.45","4,129.45","3,927.78","153.17K","-4.91%"
"Apr 20, 2020","4,130.42","4,177.93","4,226.41","4,066.33","169.99K","-1.16%"
"Apr 17, 2020","4,178.90","4,169.21","4,266.17","4,106.18","794.89K","3.11%"
"Apr 16, 2020","4,052.86","4,143.22","4,144.68","3,879.30","979.15K","-2.13%"
"Apr 15, 2020","4,141.09","4,281.68","4,281.68","4,141.09","211.03K","-3.28%"
"Apr 14, 2020","4,281.68","4,266.36","4,459.02","4,149.81","1.79M","0.36%"
"Apr 13, 2020","4,266.17","4,313.48","4,459.11","4,169.21","713.04K","-1.10%"
"Apr 09, 2020","4,313.58","4,222.53","4,222.53","4,072.25","490.48K","2.30%"
"Apr 08, 2020","4,216.72","4,023.77","4,217.69","4,012.13","338.13K","4.82%"
"Apr 07, 2020","4,022.80","4,363.12","4,508.56","4,000.69","689.00K","-6.76%"
"Apr 06, 2020","4,314.64","4,292.34","4,537.65","4,292.34","623.14K","1.62%"
"Apr 03, 2020","4,245.80","4,120.73","4,245.80","4,077.10","508.86K","6.55%"
"Apr 02, 2020","3,984.99","3,839.65","4,266.17","3,839.65","1.06M","4.05%"
"Apr 01, 2020","3,829.85","3,471.11","4,072.25","3,345.06","815.58K","9.12%"
"Mar 31, 2020","3,509.89","3,548.67","3,683.45","3,466.26","746.83K","2.75%"
"Mar 30, 2020","3,415.84","3,393.54","3,538.01","3,325.67","581.73K","3.01%"
"Mar 27, 2020","3,315.97","3,345.06","3,408.08","3,248.10","358.74K","-0.87%"
"Mar 26, 2020","3,345.06","3,186.05","3,538.01","3,185.08","724.63K","2.10%"
"Mar 25, 2020","3,276.22","3,131.75","3,392.57","3,042.45","1.07M","5.59%"
"Mar 24, 2020","3,102.67","3,088.22","3,307.25","3,088.22","2.32M","1.27%"
"Mar 23, 2020","3,063.88","3,063.88","3,266.62","2,957.23","333.91K","0.00%"
"Mar 20, 2020","3,063.88","3,102.67","3,393.44","3,063.88","1.29M","4.29%"
"Mar 19, 2020","2,937.84","2,909.72","3,393.54","2,860.46","520.59K","3.06%"
"Mar 18, 2020","2,850.57","3,222.89","3,224.83","2,850.57","1.41M","-11.61%"
"Mar 17, 2020","3,224.83","3,393.54","3,490.40","3,183.72","636.32K","0.78%"
"Mar 16, 2020","3,199.72","3,730.96","3,730.96","3,199.72","423.41K","-14.97%"
"Mar 13, 2020","3,762.95","3,927.88","4,308.83","3,727.08","218.87K","-3.10%"
"Mar 12, 2020","3,883.18","3,975.29","3,975.29","3,781.47","200.72K","-6.21%"
"Mar 11, 2020","4,140.12","4,271.01","4,363.03","4,140.12","737.19K","-3.06%"
"Mar 10, 2020","4,271.01","4,218.66","4,460.08","4,218.66","333.37K","1.26%"
"Mar 09, 2020","4,217.69","3,975.29","4,313.58","3,975.29","326.33K","-0.80%"
"Mar 06, 2020","4,251.72","4,295.25","4,360.21","4,140.12","195.73K","-1.01%"
"Mar 05, 2020","4,295.25","4,324.34","4,328.22","4,178.90","985.04K","-0.52%"
"Mar 04, 2020","4,317.55","4,266.17","4,363.12","4,266.17","687.30K","1.20%"
"Mar 03, 2020","4,266.17","4,363.32","4,440.69","4,244.83","652.79K","-2.00%"
"Mar 02, 2020","4,353.43","4,217.69","4,363.12","4,217.69","225.77K","4.31%"
"Feb 28, 2020","4,173.67","4,372.82","4,482.87","4,169.21","378.31K","-6.93%"
"Feb 27, 2020","4,484.32","4,547.34","4,557.04","4,377.67","451.34K","-1.66%"
"Feb 26, 2020","4,559.95","4,479.57","4,699.47","4,479.57","292.24K","-2.00%"
"Feb 25, 2020","4,652.93","4,693.27","4,712.17","4,639.46","160.80K","-0.86%"
"Feb 24, 2020","4,693.27","4,692.78","4,789.74","4,692.78","279.45K","-3.91%"
"Feb 21, 2020","4,884.27","4,678.24","4,886.70","4,678.24","145.49K","4.40%"
"Feb 20, 2020","4,678.24","4,741.26","4,741.26","4,678.24","75.03K","-1.51%"
"Feb 19, 2020","4,749.99","4,770.35","4,828.62","4,725.55","135.10K","-1.63%"
"Feb 18, 2020","4,828.52","4,865.37","4,886.79","4,759.29","271.76K","-1.14%"
"Feb 17, 2020","4,883.98","5,027.29","5,027.29","4,880.88","20.63K","-2.39%"
"Feb 14, 2020","5,003.44","5,012.84","5,012.84","4,852.76","25.36K","0.20%"
"Feb 13, 2020","4,993.35","5,027.29","5,027.29","4,985.31","116.65K","0.10%"
"Feb 12, 2020","4,988.50","5,061.22","5,136.75","4,857.61","133.27K","-1.44%"
"Feb 11, 2020","5,061.22","4,964.27","5,099.91","4,964.27","232.11K","1.46%"
"Feb 10, 2020","4,988.50","4,925.38","5,041.83","4,925.29","52.30K","1.28%"
"Feb 07, 2020","4,925.48","4,896.39","4,925.48","4,862.36","65.18K","1.05%"
"Feb 06, 2020","4,874.09","4,967.17","5,075.77","4,810.10","133.61K","-1.86%"
"Feb 05, 2020","4,966.30","5,216.36","5,216.36","4,966.30","168.14K","-1.69%"
"Feb 04, 2020","5,051.53","5,090.31","5,138.79","5,043.96","91.32K","-0.38%"
"Feb 03, 2020","5,070.92","5,090.31","5,225.76","5,003.05","136.32K","-0.38%"
"Jan 31, 2020","5,090.31","4,945.94","5,187.27","4,945.94","297.06K","1.94%"
"Jan 30, 2020","4,993.35","5,022.44","5,069.95","4,944.87","481.01K","-0.58%"
"Jan 29, 2020","5,022.44","5,007.99","5,070.92","5,007.90","373.85K","0.29%"
"Jan 28, 2020","5,007.90","5,090.31","5,095.16","5,007.90","66.53K","-1.52%"
"Jan 27, 2020","5,085.08","5,138.79","5,148.49","5,041.83","42.20K","-2.52%"
"Jan 24, 2020","5,216.36","5,164.68","5,262.90","5,164.68","39.21K","1.33%"
"Jan 23, 2020","5,147.90","5,090.31","5,284.13","5,090.31","67.72K","0.53%"
"Jan 22, 2020","5,120.85","5,136.85","5,136.95","5,109.70","91.57K","-0.31%"
"Jan 21, 2020","5,136.85","5,303.52","5,303.52","5,124.34","255.14K","-2.80%"
"Jan 20, 2020","5,285.00","5,284.23","5,313.31","5,235.75","690.92K","0.01%"
"Jan 17, 2020","5,284.23","5,270.27","5,363.73","5,270.27","235.25K","-0.64%"
"Jan 16, 2020","5,318.16","5,440.33","5,440.33","5,235.85","301.74K","-3.26%"
"Jan 15, 2020","5,497.54","5,623.58","5,623.58","5,430.34","392.07K","-4.19%"
"Jan 14, 2020","5,737.99","5,429.67","5,737.99","5,235.75","176.39K","5.68%"
"Jan 13, 2020","5,429.67","5,574.13","5,574.13","5,332.71","192.27K","-2.59%"
"Jan 10, 2020","5,574.13","5,429.67","5,575.10","5,386.03","158.02K","2.66%"
"Jan 09, 2020","5,429.67","5,393.79","5,429.67","5,332.80","170.30K","0.67%"
"Jan 08, 2020","5,393.79","5,332.71","5,395.73","5,314.28","433.86K","1.15%"
"Jan 07, 2020","5,332.71","5,304.49","5,343.37","5,303.62","411.30K","0.53%"
"Jan 06, 2020","5,304.49","5,332.71","5,352.10","5,232.06","252.63K","-0.53%"
"Jan 03, 2020","5,332.71","5,235.75","5,352.10","5,097.39","373.85K","1.85%"
"Jan 02, 2020","5,235.75","5,185.33","5,294.80","5,138.79","188.11K","0.97%"
"Dec 30, 2019","5,185.33","5,205.69","5,259.99","4,994.42","48.76K","-0.39%"
"Dec 27, 2019","5,205.69","5,098.26","5,220.14","5,041.83","115.52K","2.11%"
"Dec 26, 2019","5,098.26","5,173.31","5,429.67","5,090.31","29.09K","-1.45%"
"Dec 24, 2019","5,173.31","5,182.42","5,211.51","5,171.76","217.87K","-0.18%"
"Dec 23, 2019","5,182.42","5,356.95","5,429.67","5,143.64","143.82K","-3.26%"
"Dec 20, 2019","5,356.95","5,478.24","5,526.62","5,235.75","1.33M","6.84%"
"Dec 19, 2019","5,013.81","4,799.34","5,041.93","4,771.42","375.47K","4.47%"
"Dec 18, 2019","4,799.34","4,895.42","4,935.18","4,702.48","1.38M","-1.96%"
"Dec 17, 2019","4,895.42","5,089.24","5,090.12","4,895.42","429.11K","-3.81%"
"Dec 16, 2019","5,089.24","5,124.25","5,255.14","5,051.53","80.03K","-0.68%"
"Dec 13, 2019","5,124.25","5,061.22","5,216.36","5,100.01","666.33K","1.25%"
"Dec 12, 2019","5,061.22","4,993.35","5,323.01","5,041.83","525.05K","1.36%"
"Dec 11, 2019","4,993.35","5,138.79","5,235.75","4,915.79","446.11K","-1.54%"
"Dec 10, 2019","5,071.40","5,120.17","5,274.53","5,071.40","126.40K","-0.95%"
"Dec 09, 2019","5,120.17","5,167.88","5,216.36","5,095.26","298.55K","-0.92%"
"Dec 06, 2019","5,167.88","5,057.35","5,204.72","5,057.35","238.00K","2.19%"
"Dec 05, 2019","5,057.35","5,031.17","5,215.39","5,042.80","192.11K","0.52%"
"Dec 04, 2019","5,031.17","4,779.85","5,119.30","4,779.08","245.61K","5.26%"
"Dec 03, 2019","4,779.85","4,750.96","4,813.98","4,750.96","776.52K","0.61%"
"Dec 02, 2019","4,750.96","4,732.54","4,896.39","4,731.56","835.81K","0.39%"
"Nov 29, 2019","4,732.54","4,847.92","5,090.31","4,702.38","184.83K","-2.38%"
"Nov 28, 2019","4,847.92","4,944.87","4,945.94","4,702.48","143.44K","-1.09%"
"Nov 27, 2019","4,901.24","5,036.01","5,138.79","4,847.92","766.91K","-2.68%"
"Nov 26, 2019","5,036.01","5,153.33","5,303.62","4,857.61","770.13K","-2.28%"
"Nov 25, 2019","5,153.33","5,330.77","5,381.19","5,153.33","130.15K","-3.33%"
"Nov 22, 2019","5,330.77","5,381.19","5,425.79","5,235.75","545.29K","-0.94%"
"Nov 21, 2019","5,381.19","5,332.71","5,381.19","5,158.18","355.53K","0.91%"
"Nov 20, 2019","5,332.71","5,495.60","5,526.62","5,285.20","891.17K","-2.96%"
"Nov 19, 2019","5,495.60","5,621.64","5,623.58","5,387.00","95.15K","-2.24%"
"Nov 18, 2019","5,621.64","5,744.78","5,914.46","5,429.67","166.68K","-2.14%"
"Nov 15, 2019","5,744.78","5,013.33","5,914.46","5,332.71","527.97K","14.59%"
"Nov 14, 2019","5,013.33","5,046.68","5,356.95","4,847.92","253.17K","-0.66%"
"Nov 13, 2019","5,046.68","5,360.82","5,274.24","5,046.68","216.59K","-5.86%"
"Nov 12, 2019","5,360.82","5,284.23","5,505.29","5,041.83","226.46K","1.45%"
"Nov 11, 2019","5,284.23","5,424.72","5,424.72","5,190.18","78.56K","-2.59%"
"Nov 08, 2019","5,424.72","5,507.23","5,528.56","5,353.07","157.39K","-1.50%"
"Nov 07, 2019","5,507.23","5,312.35","5,507.23","5,332.71","214.88K","3.67%"
"Nov 06, 2019","5,312.35","5,429.67","5,312.35","4,993.35","149.92K","-2.16%"
"Nov 05, 2019","5,429.67","5,623.58","5,621.64","5,398.54","247.77K","-3.45%"
"Nov 04, 2019","5,623.58","5,624.55","5,846.58","5,526.62","185.95K","-0.02%"
"Oct 30, 2019","5,624.55","5,914.46","5,720.54","5,572.48","276.73K","-4.90%"
"Oct 29, 2019","5,914.46","6,059.89","6,156.75","5,836.89","115.87K","-2.40%"
"Oct 28, 2019","6,059.89","6,051.17","6,108.28","6,012.48","134.28K","0.14%"
"Oct 25, 2019","6,051.17","6,219.88","6,156.75","5,982.42","212.72K","-2.71%"
"Oct 24, 2019","6,219.88","6,240.24","6,331.38","5,960.90","503.43K","-0.33%"
"Oct 23, 2019","6,240.24","6,337.97","6,467.02","6,161.80","117.35K","-1.54%"
"Oct 22, 2019","6,337.97","6,302.29","6,341.17","6,012.38","165.11K","0.57%"
"Oct 21, 2019","6,302.29","6,772.44","6,748.30","6,282.90","136.63K","-6.94%"
"Oct 18, 2019","6,772.44","6,635.83","6,772.44","6,651.34","94.88K","2.06%"
"Oct 17, 2019","6,635.83","6,530.04","6,723.96","6,447.73","158.01K","1.62%"
"Oct 16, 2019","6,530.04","6,447.73","6,534.89","6,418.64","62.85K","1.28%"
"Oct 15, 2019","6,447.73","6,408.85","6,544.69","6,355.62","751.40K","0.61%"
"Oct 14, 2019","6,408.85","6,302.29","6,467.12","6,205.33","43.51K","1.69%"
"Oct 11, 2019","6,302.29","6,131.64","6,302.29","6,131.64","116.54K","2.78%"
"Oct 10, 2019","6,131.64","6,313.83","6,326.53","6,113.22","189.06K","-2.89%"
"Oct 09, 2019","6,313.83","6,297.44","6,438.03","6,292.59","192.22K","0.26%"
"Oct 08, 2019","6,297.44","6,187.98","6,297.44","6,132.61","207.61K","1.77%"
"Oct 07, 2019","6,187.98","6,192.92","6,282.90","6,016.26","61.42K","-0.08%"
"Oct 04, 2019","6,192.92","6,109.44","6,253.81","6,108.37","126.10K","1.37%"
"Oct 03, 2019","6,109.44","6,108.37","6,113.22","5,933.85","541.19K","0.02%"
"Oct 02, 2019","6,108.37","6,109.34","6,113.22","6,016.26","124.17K","-0.02%"
"Oct 01, 2019","6,109.34","6,198.83","6,234.42","6,021.11","81.16K","-1.44%"
"Sep 30, 2019","6,198.83","6,303.26","6,307.14","6,108.37","343.50K","-1.66%"
"Sep 27, 2019","6,303.26","6,234.42","6,389.46","6,234.42","89.46K","1.10%"
"Sep 26, 2019","6,234.42","6,216.09","6,331.38","6,205.33","69.13K","0.29%"
"Sep 25, 2019","6,216.09","6,291.33","6,282.90","6,110.31","72.56K","-1.20%"
"Sep 24, 2019","6,291.33","6,229.57","6,292.59","6,156.85","76.54K","0.99%"
"Sep 23, 2019","6,229.57","6,229.67","6,399.05","5,962.94","287.80K","-0.00%"
"Sep 17, 2019","6,229.67","6,447.73","6,447.63","6,229.67","635.20K","-3.38%"
"Sep 16, 2019","6,447.73","6,307.14","6,593.07","6,307.23","200.79K","2.23%"
"Sep 13, 2019","6,307.14","6,088.98","6,350.77","6,025.96","96.51K","3.58%"
"Sep 12, 2019","6,088.98","6,019.27","6,195.63","6,019.27","309.66K","1.16%"
"Sep 11, 2019","6,019.27","5,912.61","6,069.49","5,891.96","151.03K","1.80%"
"Sep 10, 2019","5,912.61","5,875.67","6,001.72","5,790.16","166.06K","0.63%"
"Sep 09, 2019","5,875.67","5,836.60","5,982.33","5,778.23","102.76K","0.67%"
"Sep 06, 2019","5,836.60","5,870.83","5,961.97","5,788.41","103.16K","-0.58%"
"Sep 05, 2019","5,870.83","5,800.05","5,948.39","5,782.98","129.38K","1.22%"
"Sep 04, 2019","5,800.05","5,762.23","5,883.43","5,762.23","94.80K","0.94%"
"Sep 03, 2019","5,745.75","6,013.55","6,010.44","5,745.75","25.04K","-4.45%"
"Sep 02, 2019","6,013.55","6,092.86","6,091.79","5,972.24","47.02K","-1.30%"
"Aug 30, 2019","6,092.86","5,817.50","6,108.37","5,836.89","167.90K","4.73%"
"Aug 29, 2019","5,817.50","5,575.10","5,817.50","5,589.65","87.54K","4.35%"
"Aug 28, 2019","5,575.10","5,516.93","5,682.44","5,458.75","144.30K","1.05%"
"Aug 27, 2019","5,516.93","5,619.31","5,677.68","5,513.05","1.11M","-1.82%"
"Aug 26, 2019","5,619.31","5,670.12","5,800.05","5,527.69","53.63K","-0.90%"
"Aug 23, 2019","5,670.12","5,798.11","5,865.98","5,623.58","421.25K","-2.21%"
"Aug 22, 2019","5,798.11","5,857.35","5,953.24","5,744.78","337.49K","-1.01%"
"Aug 21, 2019","5,857.35","5,856.48","5,976.51","5,856.28","181.16K","0.01%"
"Aug 20, 2019","5,856.48","5,720.54","6,000.46","5,720.54","198.49K","0.34%"
"Aug 19, 2019","5,836.50","5,827.19","5,997.84","5,827.19","217.94K","0.16%"
"Aug 16, 2019","5,827.19","5,839.80","5,992.02","5,827.19","94.88K","-0.22%"
"Aug 14, 2019","5,839.80","5,924.15","6,021.11","5,741.87","127.37K","-1.42%"
"Aug 13, 2019","5,924.15","5,919.30","6,040.50","5,919.21","173.80K","0.08%"
"Aug 12, 2019","5,919.30","5,982.42","6,088.98","5,886.44","61.70K","-1.06%"
"Aug 09, 2019","5,982.42","6,137.36","6,215.03","5,934.82","116.30K","-2.52%"
"Aug 08, 2019","6,137.36","5,880.52","6,174.60","5,886.34","135.20K","4.37%"
"Aug 07, 2019","5,880.52","5,886.92","5,992.02","5,769.02","249.14K","-0.11%"
"Aug 06, 2019","5,886.92","5,885.37","6,061.93","5,885.37","292.98K","0.03%"
"Aug 05, 2019","5,885.37","6,108.37","5,925.12","5,817.40","333.42K","-3.65%"
"Aug 02, 2019","6,108.37","6,205.33","6,204.36","5,895.06","146.38K","-1.56%"
"Aug 01, 2019","6,205.33","6,253.81","6,282.90","6,166.55","78.54K","-0.78%"
"Jul 31, 2019","6,253.81","6,253.81","6,302.29","6,176.24","121.67K","0.00%"
"Jul 30, 2019","6,253.81","6,191.27","6,301.22","6,191.27","64.18K","0.00%"
"Jul 29, 2019","6,253.81","6,234.42","6,301.32","6,166.55","73.79K","0.31%"
"Jul 26, 2019","6,234.42","6,203.39","6,442.78","6,079.29","63.15K","0.50%"
"Jul 25, 2019","6,203.39","6,216.97","6,447.73","6,157.82","185.25K","-0.22%"
"Jul 24, 2019","6,216.97","6,311.98","6,313.92","6,205.33","48.92K","-1.51%"
"Jul 23, 2019","6,311.98","6,370.16","6,397.31","6,311.98","77.82K","-0.91%"
"Jul 22, 2019","6,370.16","6,384.70","6,496.21","6,350.77","183.85K","-0.23%"
"Jul 19, 2019","6,384.70","6,452.58","6,617.40","6,370.16","113.99K","-1.05%"
"Jul 18, 2019","6,452.58","6,463.24","6,563.88","6,428.33","50.85K","-0.17%"
"Jul 17, 2019","6,463.24","6,612.56","6,661.04","6,457.42","89.33K","-2.26%"
"Jul 15, 2019","6,612.56","6,612.56","6,641.64","6,545.65","69.16K","0.00%"
"Jul 12, 2019","6,612.56","6,680.43","6,680.62","6,554.38","420.68K","-1.02%"
"Jul 11, 2019","6,680.43","6,688.18","6,710.48","6,666.08","86.16K","-0.12%"
"Jul 10, 2019","6,688.18","6,669.76","6,767.69","6,673.06","88.37K","0.28%"
"Jul 09, 2019","6,669.76","6,689.15","6,689.15","6,621.28","129.50K","-0.29%"
"Jul 08, 2019","6,689.15","6,690.12","6,690.12","6,602.86","31.55K","-0.01%"
"Jul 05, 2019","6,690.12","6,733.75","6,784.95","6,583.27","38.04K","-0.65%"
"Jul 04, 2019","6,733.75","6,737.63","6,787.08","6,733.75","34.82K","-0.06%"
"Jul 03, 2019","6,737.63","6,516.57","6,737.63","6,593.26","72.69K","3.39%"
"Jul 02, 2019","6,516.57","6,642.61","6,699.82","6,516.57","92.64K","-1.90%"
"Jul 01, 2019","6,642.61","6,690.32","6,738.70","6,642.61","36.19K","-0.71%"
"Jun 28, 2019","6,690.32","6,719.21","6,719.21","6,651.34","90.84K","-0.43%"
"Jun 27, 2019","6,719.21","6,728.13","6,785.14","6,602.96","49.40K","-0.13%"
"Jun 26, 2019","6,728.13","6,737.54","6,737.54","6,631.85","66.86K","-0.14%"
"Jun 25, 2019","6,737.54","6,719.99","6,782.23","6,642.71","151.44K","0.26%"
"Jun 24, 2019","6,719.99","6,601.50","6,738.60","6,601.50","129.75K","1.79%"
"Jun 21, 2019","6,601.50","6,544.69","6,639.61","6,515.60","390.92K","0.87%"
"Jun 20, 2019","6,544.69","6,568.92","6,592.97","6,408.94","185.26K","-0.37%"
"Jun 19, 2019","6,568.92","6,433.18","6,592.19","6,381.21","59.76K","2.11%"
"Jun 18, 2019","6,433.18","6,534.99","6,681.30","6,430.27","129.66K","-1.56%"
"Jun 17, 2019","6,534.99","6,678.49","6,724.06","6,534.99","50.99K","-2.15%"
"Jun 14, 2019","6,678.49","6,651.44","6,738.60","6,544.69","84.16K","0.41%"
"Jun 13, 2019","6,651.44","6,767.69","6,733.66","6,646.49","512.02K","-1.72%"
"Jun 12, 2019","6,767.69","6,786.11","6,834.40","6,699.82","69.51K","-0.27%"
"Jun 11, 2019","6,786.11","6,681.40","6,787.08","6,690.12","164.89K","1.57%"
"Jun 10, 2019","6,681.40","6,598.98","6,757.99","6,602.86","82.27K","1.25%"
"Jun 07, 2019","6,598.98","6,690.12","6,690.22","6,598.98","194.88K","-1.36%"
"Jun 06, 2019","6,690.12","6,884.04","6,884.04","6,651.34","269.51K","-0.72%"
"Jun 05, 2019","6,738.60","6,748.30","6,748.30","6,580.56","237.53K","-0.14%"
"Jun 04, 2019","6,748.30","6,767.69","6,767.69","6,617.99","61.89K","-0.29%"
"Jun 03, 2019","6,767.69","6,563.11","6,767.69","6,569.89","69.07K","3.12%"
"May 31, 2019","6,563.11","6,544.69","6,709.51","6,399.25","256.31K","0.28%"
"May 30, 2019","6,544.69","6,496.21","6,593.16","6,447.73","289.84K","0.75%"
"May 29, 2019","6,496.21","6,458.39","6,757.90","6,458.39","426.92K","0.59%"
"May 28, 2019","6,458.39","6,530.14","6,709.42","6,458.39","471.83K","-1.10%"
"May 27, 2019","6,530.14","6,593.26","6,591.23","6,496.21","306.01K","-0.96%"
"May 24, 2019","6,593.26","6,598.01","6,641.55","6,555.54","62.40K","-0.07%"
"May 23, 2019","6,598.01","6,661.04","6,737.54","6,516.57","355.76K","-0.95%"
"May 22, 2019","6,661.04","6,641.64","6,787.08","6,602.86","290.21K","0.29%"
"May 20, 2019","6,641.64","6,564.17","6,641.64","6,483.60","460.45K","1.18%"
"May 17, 2019","6,564.17","6,593.16","6,680.43","6,520.45","98.74K","-0.44%"
"May 16, 2019","6,593.16","6,592.19","6,657.64","6,447.73","280.27K","0.88%"
"May 15, 2019","6,535.96","6,594.33","6,682.17","6,468.09","177.79K","-0.89%"
"May 14, 2019","6,594.33","6,502.02","6,689.15","6,496.21","242.34K","1.42%"
"May 13, 2019","6,502.02","6,661.04","6,658.61","6,496.30","133.37K","-2.39%"
"May 10, 2019","6,661.04","6,604.12","6,690.32","6,603.83","266.96K","0.86%"
"May 09, 2019","6,604.12","6,722.12","6,738.50","6,604.12","212.98K","-1.76%"
"May 08, 2019","6,722.12","6,738.60","6,738.60","6,622.25","108.42K","-0.24%"
"May 07, 2019","6,738.60","6,694.97","6,884.04","6,593.16","220.76K","0.66%"
"May 06, 2019","6,694.68","6,695.26","6,694.68","6,612.56","105.84K","-0.01%"
"May 03, 2019","6,695.26","6,792.90","6,854.95","6,695.26","73.22K","-1.44%"
"May 02, 2019","6,792.90","6,877.06","6,883.94","6,738.99","152.17K","-1.22%"
"Apr 30, 2019","6,877.06","6,845.26","6,883.85","6,758.09","547.84K","0.46%"
"Apr 29, 2019","6,845.26","6,853.98","6,854.85","6,796.78","137.85K","-0.13%"
"Apr 26, 2019","6,853.98","6,814.23","6,853.98","6,738.60","71.28K","0.58%"
"Apr 25, 2019","6,814.23","6,811.32","6,854.08","6,594.72","139.14K","0.04%"
"Apr 24, 2019","6,811.32","6,826.83","6,816.17","6,740.44","268.50K","-0.23%"
"Apr 23, 2019","6,826.83","6,826.45","6,864.65","6,806.47","50.72K","0.01%"
"Apr 22, 2019","6,826.45","6,826.83","6,854.95","6,786.98","116.30K","-0.01%"
"Apr 18, 2019","6,826.83","6,835.56","6,903.43","6,748.30","100.47K","-0.41%"
"Apr 17, 2019","6,854.95","6,796.58","6,898.58","6,699.82","539.26K","0.86%"
"Apr 16, 2019","6,796.58","6,757.99","6,840.41","6,699.92","39.88K","0.57%"
"Apr 15, 2019","6,757.99","6,907.31","6,925.73","6,757.99","113.02K","-2.16%"
"Apr 12, 2019","6,907.31","6,903.43","6,980.90","6,884.23","45.74K","0.06%"
"Apr 11, 2019","6,903.43","6,981.00","6,981.00","6,738.50","91.11K","-1.11%"
"Apr 10, 2019","6,981.00","6,981.00","7,029.28","6,960.15","195.61K","0.00%"
"Apr 09, 2019","6,981.00","6,899.55","7,003.01","6,841.38","128.31K","1.18%"
"Apr 08, 2019","6,899.55","6,788.05","7,057.50","6,787.08","547.48K","1.64%"
"Apr 05, 2019","6,788.05","6,806.47","6,883.85","6,721.15","249.27K","-0.27%"
"Apr 04, 2019","6,806.47","6,726.38","6,806.47","6,602.96","107.33K","1.19%"
"Apr 03, 2019","6,726.38","6,762.74","6,787.08","6,627.10","53.32K","-0.54%"
"Apr 02, 2019","6,762.74","6,757.99","6,843.03","6,627.20","202.34K","0.07%"
"Apr 01, 2019","6,757.99","6,870.46","6,874.34","6,757.99","55.90K","-1.64%"
"Mar 29, 2019","6,870.46","6,853.98","6,884.04","6,788.05","68.92K","0.24%"
"Mar 28, 2019","6,853.98","6,782.04","6,853.98","6,714.27","92.99K","1.06%"
"Mar 27, 2019","6,782.04","6,715.33","6,784.85","6,715.33","258.97K","0.99%"
"Mar 26, 2019","6,715.33","6,787.08","6,853.98","6,691.09","332.62K","-1.06%"
"Mar 25, 2019","6,787.08","6,787.18","6,787.08","6,777.38","257.85K","-0.00%"
"Mar 22, 2019","6,787.18","6,913.13","6,884.04","6,743.45","94.47K","-1.82%"
"Mar 21, 2019","6,913.13","6,821.50","6,913.13","6,825.86","133.49K","1.34%"
"Mar 20, 2019","6,821.50","6,908.28","6,966.45","6,821.11","182.56K","-1.26%"
"Mar 19, 2019","6,908.28","6,908.28","7,056.53","6,840.41","261.74K","0.00%"
"Mar 18, 2019","6,908.28","6,893.73","6,908.28","6,787.08","109.23K","0.21%"
"Mar 15, 2019","6,893.73","6,932.52","6,932.52","6,854.95","473.44K","-0.82%"
"Mar 14, 2019","6,950.84","6,961.61","6,970.33","6,932.52","704.66K","-0.39%"
"Mar 13, 2019","6,978.09","6,884.04","6,978.09","6,884.04","349.74K","0.93%"
"Mar 12, 2019","6,914.10","6,932.52","6,961.61","6,787.18","197.33K","-0.27%"
"Mar 11, 2019","6,932.52","6,898.78","6,981.00","6,898.78","175.81K","0.49%"
"Mar 08, 2019","6,898.78","6,929.51","6,961.61","6,806.47","624.68K","-0.44%"
"Mar 07, 2019","6,929.51","6,765.75","6,981.00","6,741.51","2.22M","2.42%"
"Mar 06, 2019","6,765.75","6,643.58","6,785.63","6,665.88","495.98K","1.84%"
"Mar 05, 2019","6,643.58","6,695.17","6,675.58","6,544.69","491.54K","-0.77%"
"Mar 04, 2019","6,695.17","6,651.44","6,796.78","6,612.56","139.77K","0.66%"
"Mar 01, 2019","6,651.44","6,690.12","6,787.08","6,612.56","258.78K","-0.58%"
"Feb 28, 2019","6,690.12","6,738.60","6,781.26","6,595.10","930.93K","-0.72%"
"Feb 27, 2019","6,738.60","6,738.60","6,738.70","6,594.13","687.72K","0.00%"
"Feb 26, 2019","6,738.60","6,710.87","6,767.69","6,623.32","304.09K","0.41%"
"Feb 25, 2019","6,710.87","6,632.04","6,787.08","6,602.86","312.45K","1.19%"
"Feb 22, 2019","6,632.04","6,573.77","6,762.84","6,430.86","179.49K","0.89%"
"Feb 21, 2019","6,573.77","6,513.66","6,573.77","6,268.45","159.27K","0.92%"
"Feb 20, 2019","6,513.66","6,399.25","6,630.98","6,399.25","216.49K","2.56%"
"Feb 19, 2019","6,351.06","6,302.29","6,351.06","6,313.92","95.29K","0.77%"
"Feb 18, 2019","6,302.29","6,186.91","6,302.29","6,186.33","100.37K","1.86%"
"Feb 15, 2019","6,186.91","6,302.19","6,302.19","6,012.48","155.86K","0.97%"
"Feb 14, 2019","6,127.77","6,108.37","6,290.75","5,919.30","501.91K","0.32%"
"Feb 13, 2019","6,108.37","6,194.67","6,282.90","6,071.82","114.65K","-1.39%"
"Feb 12, 2019","6,194.67","6,051.17","6,244.02","6,011.61","409.96K","2.37%"
"Feb 11, 2019","6,051.17","6,311.98","6,311.98","6,051.17","228.42K","-4.13%"
"Feb 08, 2019","6,311.98","6,314.51","6,389.55","6,156.85","128.24K","-0.04%"
"Feb 07, 2019","6,314.51","6,205.33","6,398.28","6,215.71","58.99K","1.76%"
"Feb 06, 2019","6,205.33","6,399.25","6,399.25","6,205.33","151.36K","-3.03%"
"Feb 05, 2019","6,399.25","6,389.46","6,428.82","6,388.58","196.90K","0.15%"
"Feb 04, 2019","6,389.46","6,302.29","6,399.25","6,302.29","148.02K","1.38%"
"Feb 01, 2019","6,302.29","6,125.83","6,302.48","6,021.11","476.02K","2.88%"
"Jan 31, 2019","6,125.83","5,833.01","6,200.39","5,865.98","440.38K","5.02%"
"Jan 30, 2019","5,833.01","6,126.79","6,108.47","5,833.01","291.66K","-4.80%"
"Jan 29, 2019","6,126.79","6,185.94","6,223.75","6,059.99","221.84K","-0.96%"
"Jan 28, 2019","6,185.94","6,191.66","6,195.63","6,013.16","266.46K","-0.09%"
"Jan 25, 2019","6,191.66","5,982.33","6,191.66","5,982.33","149.81K","3.50%"
"Jan 24, 2019","5,982.33","5,913.49","5,992.02","5,899.91","920.08K","1.16%"
"Jan 23, 2019","5,913.49","5,864.23","6,019.17","5,817.50","673.46K","0.84%"
"Jan 22, 2019","5,864.23","6,036.04","6,036.04","5,817.50","230.19K","-2.85%"
"Jan 21, 2019","6,036.04","5,987.17","6,059.89","5,914.46","53.82K","0.82%"
"Jan 18, 2019","5,987.17","6,098.68","6,098.68","5,836.89","138.25K","-1.83%"
"Jan 17, 2019","6,098.68","6,166.55","6,166.55","6,011.42","100.07K","-1.10%"
"Jan 16, 2019","6,166.55","5,992.12","6,204.36","5,992.02","175.50K","2.91%"
"Jan 15, 2019","5,992.12","5,889.25","6,059.89","5,817.50","235.75K","1.75%"
"Jan 14, 2019","5,889.25","5,743.03","5,889.25","5,719.57","287.49K","2.55%"
"Jan 11, 2019","5,743.03","5,664.30","5,759.32","5,662.27","289.35K","1.39%"
"Jan 10, 2019","5,664.30","5,583.44","5,672.06","5,583.44","141.70K","1.45%"
"Jan 09, 2019","5,583.44","5,515.96","5,720.54","5,515.96","135.21K","1.22%"
"Jan 08, 2019","5,515.96","5,426.95","5,575.10","5,374.59","217.51K","1.64%"
"Jan 07, 2019","5,426.95","5,382.74","5,489.39","5,331.74","94.75K","0.82%"
"Jan 04, 2019","5,382.74","5,399.90","5,468.06","5,313.41","487.95K","-0.32%"
"Jan 03, 2019","5,399.90","5,411.05","5,411.05","5,242.73","91.76K","-0.21%"
"Jan 02, 2019","5,411.05","5,217.91","5,451.00","5,163.03","102.57K","3.70%"
"Dec 28, 2018","5,217.91","5,173.21","5,332.71","5,097.87","232.87K","0.86%"
"Dec 27, 2018","5,173.21","5,142.38","5,230.90","5,090.31","907.67K","0.60%"
"Dec 26, 2018","5,142.38","5,203.27","5,177.57","5,090.31","246.94K","-1.17%"
"Dec 24, 2018","5,203.27","5,203.75","5,264.84","5,080.62","80.63K","-0.01%"
"Dec 21, 2018","5,203.75","5,343.76","5,323.01","5,139.76","1.38M","-2.62%"
"Dec 20, 2018","5,343.76","5,342.60","5,428.69","5,284.23","105.11K","0.02%"
"Dec 19, 2018","5,342.60","5,356.56","5,419.97","5,235.75","210.67K","-0.26%"
"Dec 18, 2018","5,356.56","5,364.12","5,381.19","5,241.47","850.57K","-0.14%"
"Dec 17, 2018","5,364.12","5,436.84","5,439.36","5,284.23","94.45K","-1.34%"
"Dec 14, 2018","5,436.84","5,406.59","5,477.17","5,406.59","254.93K","0.56%"
"Dec 13, 2018","5,406.59","5,355.59","5,478.14","5,237.69","214.04K","0.95%"
"Dec 12, 2018","5,355.59","5,343.08","5,381.19","5,284.32","163.48K","0.23%"
"Dec 11, 2018","5,343.08","5,315.93","5,564.44","5,316.03","131.82K","0.51%"
"Dec 10, 2018","5,315.93","5,363.25","5,390.88","5,239.82","151.41K","-0.88%"
"Dec 07, 2018","5,363.25","5,409.98","5,400.58","5,265.13","125.01K","-0.86%"
"Dec 06, 2018","5,409.98","5,414.35","5,501.41","5,332.71","172.79K","-0.08%"
"Dec 05, 2018","5,414.35","5,391.37","5,449.06","5,337.46","63.06K","0.43%"
"Dec 04, 2018","5,391.37","5,391.37","5,468.45","5,338.62","216.00K","0.00%"
"Dec 03, 2018","5,391.37","5,313.51","5,429.67","5,237.20","123.13K","1.47%"
"Nov 30, 2018","5,313.51","5,387.58","5,387.00","5,187.27","385.15K","-1.37%"
"Nov 29, 2018","5,387.58","5,290.63","5,478.14","5,281.22","98.92K","1.83%"
"Nov 28, 2018","5,290.63","5,285.39","5,381.19","5,282.29","254.13K","0.10%"
"Nov 27, 2018","5,285.39","5,320.10","5,376.34","5,246.41","69.46K","-0.65%"
"Nov 26, 2018","5,320.10","5,329.99","5,356.95","5,269.68","73.77K","-0.19%"
"Nov 23, 2018","5,329.99","5,242.24","5,332.61","5,284.13","55.74K","1.67%"
"Nov 22, 2018","5,242.24","5,276.47","5,284.23","5,235.75","33.03K","-0.65%"
"Nov 21, 2018","5,276.47","5,323.01","5,429.57","5,235.75","107.58K","-0.74%"
"Nov 20, 2018","5,315.93","5,342.79","5,720.54","5,259.99","200.91K","-0.50%"
"Nov 19, 2018","5,342.79","5,414.15","5,420.26","5,338.91","94.66K","-1.32%"
"Nov 16, 2018","5,414.15","5,383.51","5,422.49","5,390.88","144.07K","0.57%"
"Nov 15, 2018","5,383.51","5,335.71","5,390.88","5,258.73","335.95K","0.90%"
"Nov 14, 2018","5,335.71","5,419.97","5,419.97","5,221.20","66.89K","0.11%"
"Nov 13, 2018","5,329.99","5,315.74","5,381.19","5,229.15","155.33K","0.27%"
"Nov 12, 2018","5,315.74","5,348.03","5,526.62","5,196.96","67.24K","-0.60%"
"Nov 09, 2018","5,348.03","5,377.02","5,376.34","5,240.60","143.99K","-0.54%"
"Nov 08, 2018","5,377.02","5,363.93","5,506.17","5,333.68","197.04K","0.24%"
"Nov 07, 2018","5,363.93","5,235.75","5,390.88","5,235.75","517.74K","2.78%"
"Nov 06, 2018","5,218.68","5,074.02","5,234.78","5,056.38","1.29M","2.85%"
"Nov 05, 2018","5,074.02","4,903.38","5,137.82","4,903.38","505.91K","3.48%"
"Oct 31, 2018","4,903.38","4,804.28","4,964.27","4,847.92","325.80K","2.06%"
"Oct 30, 2018","4,804.28","4,878.94","5,003.05","4,732.54","335.75K","-1.53%"
"Oct 29, 2018","4,878.94","4,928.49","5,041.73","4,856.64","60.06K","-1.01%"
"Oct 26, 2018","4,928.49","4,915.30","4,983.66","4,800.60","202.26K","0.27%"
"Oct 25, 2018","4,915.30","4,858.77","4,964.27","4,847.92","164.26K","1.16%"
"Oct 24, 2018","4,858.77","4,874.48","4,943.90","4,799.63","95.43K","-0.32%"
"Oct 23, 2018","4,874.48","4,876.52","4,896.30","4,789.74","120.19K","-0.04%"
"Oct 22, 2018","4,876.52","4,936.05","4,982.88","4,846.94","341.96K","-1.21%"
"Oct 19, 2018","4,936.05","4,980.65","4,993.25","4,848.88","226.55K","-0.90%"
"Oct 18, 2018","4,980.65","5,047.65","5,080.62","4,949.72","106.80K","-1.33%"
"Oct 17, 2018","5,047.65","5,048.23","5,138.79","5,041.83","129.89K","-0.01%"
"Oct 16, 2018","5,048.23","5,000.53","5,176.51","4,945.46","644.18K","0.95%"
"Oct 12, 2018","5,000.53","5,155.08","5,289.08","4,965.23","289.49K","-3.00%"
"Oct 11, 2018","5,155.08","5,242.73","5,327.86","5,091.18","216.28K","-1.67%"
"Oct 10, 2018","5,242.73","5,346.48","5,410.27","5,189.31","311.82K","-1.94%"
"Oct 09, 2018","5,346.48","5,416.58","5,512.85","5,333.77","271.89K","-1.29%"
"Oct 08, 2018","5,416.58","5,405.52","5,525.56","5,346.28","188.96K","0.20%"
"Oct 05, 2018","5,405.52","5,534.19","5,621.64","5,382.15","293.71K","-2.32%"
"Oct 04, 2018","5,534.19","5,623.58","5,623.58","5,440.33","165.60K","0.32%"
"Oct 03, 2018","5,516.64","5,388.26","5,575.00","5,354.04","158.14K","2.38%"
"Oct 02, 2018","5,388.26","5,363.15","5,428.50","5,291.79","614.00K","0.47%"
"Oct 01, 2018","5,363.15","5,421.91","5,429.67","5,256.30","176.91K","-1.08%"
"Sep 28, 2018","5,421.91","5,402.81","5,449.06","5,402.81","105.55K","0.35%"
"Sep 27, 2018","5,402.81","5,426.66","5,506.75","5,347.25","246.06K","-0.44%"
"Sep 26, 2018","5,426.66","5,347.06","5,449.06","5,337.65","236.84K","1.49%"
"Sep 25, 2018","5,347.06","5,481.83","5,474.94","5,295.86","124.14K","-2.46%"
"Sep 24, 2018","5,481.83","5,647.82","5,647.82","5,431.60","154.78K","-1.22%"
"Sep 21, 2018","5,549.31","5,478.14","5,647.82","5,333.68","772.63K","0.61%"
"Sep 20, 2018","5,515.47","5,477.17","5,623.58","5,449.83","331.88K","1.20%"
"Sep 14, 2018","5,449.83","5,247.87","5,472.33","5,281.32","401.86K","3.85%"
"Sep 13, 2018","5,247.87","5,235.75","5,284.32","5,202.98","318.18K","0.74%"
"Sep 12, 2018","5,209.57","5,143.83","5,249.81","5,153.33","188.45K","1.28%"
"Sep 11, 2018","5,143.83","5,216.16","5,279.38","5,104.76","391.57K","-1.39%"
"Sep 10, 2018","5,216.16","5,380.41","5,526.62","5,158.38","391.07K","-3.05%"
"Sep 07, 2018","5,380.41","5,198.71","5,381.19","5,187.27","302.28K","3.50%"
"Sep 06, 2018","5,198.71","5,014.20","5,284.23","4,999.17","239.92K","3.68%"
"Sep 05, 2018","5,014.20","5,142.67","5,142.67","4,944.87","661.28K","-2.50%"
"Sep 04, 2018","5,142.67","5,290.72","5,288.98","5,138.79","259.49K","-2.80%"
"Sep 03, 2018","5,290.72","5,407.85","5,407.85","5,274.53","39.15K","-2.17%"
"Aug 31, 2018","5,407.85","5,387.29","5,478.05","5,331.54","253.17K","0.38%"
"Aug 30, 2018","5,387.29","5,427.34","5,526.33","5,342.40","174.81K","-0.74%"
"Aug 29, 2018","5,427.34","5,473.30","5,473.30","5,388.46","96.49K","0.47%"
"Aug 28, 2018","5,401.84","5,387.20","5,468.45","5,390.88","110.72K","0.27%"
"Aug 27, 2018","5,387.20","5,284.81","5,439.36","5,290.82","85.16K","1.94%"
"Aug 24, 2018","5,284.81","5,331.83","5,331.83","5,237.69","81.47K","-0.88%"
"Aug 23, 2018","5,331.83","5,340.17","5,428.40","5,284.23","139.27K","-0.16%"
"Aug 22, 2018","5,340.17","5,301.00","5,428.50","5,300.90","195.09K","0.74%"
"Aug 21, 2018","5,301.00","5,233.42","5,332.71","5,148.49","345.31K","1.29%"
"Aug 20, 2018","5,233.42","5,285.29","5,332.71","5,230.90","67.37K","-0.98%"
"Aug 17, 2018","5,285.29","5,250.78","5,381.19","5,187.27","209.47K","0.66%"
"Aug 16, 2018","5,250.78","5,317.19","5,361.70","5,247.38","318.05K","-1.25%"
"Aug 14, 2018","5,317.19","5,464.57","5,464.57","5,250.39","371.70K","-0.89%"
"Aug 13, 2018","5,364.90","5,520.22","5,546.02","5,332.80","223.35K","-2.81%"
"Aug 10, 2018","5,520.22","5,515.57","5,621.64","5,382.35","296.66K","0.08%"
"Aug 09, 2018","5,515.57","5,615.83","5,615.83","5,430.63","255.40K","-1.79%"
"Aug 08, 2018","5,615.83","5,564.73","5,680.79","5,565.41","44.41K","0.92%"
"Aug 07, 2018","5,564.73","5,656.84","5,715.69","5,478.24","217.03K","-1.63%"
"Aug 06, 2018","5,656.84","5,751.57","5,788.41","5,652.67","107.99K","-1.65%"
"Aug 03, 2018","5,751.57","5,788.41","5,854.34","5,732.37","115.17K","-0.80%"
"Aug 02, 2018","5,798.11","5,809.74","5,809.74","5,721.41","526.07K","-0.20%"
"Aug 01, 2018","5,809.74","5,833.79","5,833.98","5,771.93","136.10K","-0.41%"
"Jul 31, 2018","5,833.79","5,737.70","5,914.17","5,737.70","313.98K","0.66%"
"Jul 30, 2018","5,795.68","5,757.09","5,836.89","5,755.74","186.48K","0.67%"
"Jul 27, 2018","5,757.09","5,862.00","5,869.76","5,720.54","218.98K","-1.79%"
"Jul 26, 2018","5,862.00","5,861.90","5,909.61","5,817.50","100.90K","0.00%"
"Jul 25, 2018","5,861.90","5,913.78","6,010.44","5,825.45","287.78K","-0.88%"
"Jul 24, 2018","5,913.78","5,819.83","6,001.72","5,764.07","277.37K","1.61%"
"Jul 23, 2018","5,819.83","5,817.11","5,861.13","5,795.39","727.39K","0.05%"
"Jul 20, 2018","5,817.11","5,817.40","5,865.98","5,807.80","1.06M","-0.01%"
"Jul 19, 2018","5,817.40","5,785.89","5,962.94","5,778.71","475.49K","0.54%"
"Jul 18, 2018","5,785.89","5,747.88","5,817.50","5,764.17","166.63K","0.66%"
"Jul 17, 2018","5,747.88","5,754.77","5,810.71","5,720.35","318.44K","-0.12%"
"Jul 13, 2018","5,754.77","5,794.62","5,817.11","5,721.61","247.14K","-0.69%"
"Jul 12, 2018","5,794.62","5,819.15","5,819.44","5,767.85","371.15K","-0.42%"
"Jul 11, 2018","5,819.15","5,835.63","5,865.98","5,817.50","433.11K","-0.28%"
"Jul 10, 2018","5,835.63","5,844.74","5,992.02","5,720.54","617.83K","-1.15%"
"Jul 09, 2018","5,903.79","5,893.71","5,994.93","5,885.37","220.47K","-2.88%"
"Jul 06, 2018","6,078.60","5,994.40","6,150.00","5,999.90","3.07M","1.40%"
"Jul 05, 2018","5,994.40","5,960.20","6,023.00","5,960.20","900.11K","0.58%"
"Jul 04, 2018","5,960.10","5,962.30","6,050.00","5,905.40","111.87K","-0.04%"
"Jul 03, 2018","5,962.30","6,051.50","6,220.00","5,953.00","62.79K","-1.47%"
"Jun 29, 2018","6,051.50","5,984.60","6,114.00","5,955.00","237.58K","1.12%"
"Jun 28, 2018","5,984.60","6,000.00","6,150.00","5,902.00","399.86K","-0.58%"
"Jun 27, 2018","6,019.40","5,918.90","6,189.80","5,920.00","814.94K","1.70%"
"Jun 26, 2018","5,918.90","6,000.00","6,081.00","5,856.00","258.08K","-1.01%"
"Jun 25, 2018","5,979.30","6,078.90","6,170.10","5,952.00","284.28K","-1.64%"
"Jun 22, 2018","6,078.90","6,200.40","6,300.00","6,050.10","169.90K","-1.96%"
"Jun 21, 2018","6,200.40","6,413.90","6,420.00","6,175.00","288.48K","-3.33%"
"Jun 20, 2018","6,413.90","6,471.40","6,580.00","6,407.00","176.11K","-0.89%"
"Jun 19, 2018","6,471.40","6,573.00","6,684.00","6,440.00","1.80M","-1.55%"
"Jun 18, 2018","6,573.00","6,655.10","6,733.00","6,560.00","117.75K","-1.23%"
"Jun 15, 2018","6,655.10","6,724.00","6,710.00","6,651.00","1.07M","-1.02%"
"Jun 14, 2018","6,724.00","6,662.80","6,738.00","6,650.00","312.14K","0.92%"
"Jun 13, 2018","6,662.80","6,700.00","6,714.80","6,651.00","234.67K","-0.56%"
"Jun 12, 2018","6,700.00","6,697.00","6,730.00","6,550.00","319.64K","0.04%"
"Jun 11, 2018","6,697.00","6,700.90","6,790.00","6,640.00","134.79K","-0.06%"
"Jun 08, 2018","6,700.90","6,723.40","6,799.90","6,615.10","219.18K","-0.33%"
"Jun 07, 2018","6,723.40","6,738.50","6,900.00","6,660.00","166.14K","-0.22%"
"Jun 06, 2018","6,738.50","6,711.40","6,840.00","6,711.00","177.85K","0.40%"
"Jun 05, 2018","6,711.40","6,744.10","6,792.00","6,700.00","412.42K","-0.48%"
"Jun 04, 2018","6,744.10","6,692.20","6,880.00","6,715.10","141.24K","0.78%"
"Jun 01, 2018","6,692.20","6,749.60","6,975.00","6,685.00","412.85K","-0.85%"
"May 31, 2018","6,749.60","6,733.20","6,880.00","6,666.00","529.99K","0.24%"
"May 30, 2018","6,733.20","6,769.20","6,855.00","6,670.00","622.94K","-0.53%"
"May 29, 2018","6,769.20","6,686.60","6,798.60","6,691.00","262.29K","1.24%"
"May 28, 2018","6,686.60","6,650.20","6,782.00","6,651.00","121.71K","0.55%"
"May 25, 2018","6,650.20","6,742.50","6,900.00","6,630.00","138.75K","-1.37%"
"May 24, 2018","6,742.50","6,753.20","6,790.00","6,660.00","376.99K","-0.16%"
"May 23, 2018","6,753.20","6,764.90","6,977.00","6,750.00","241.73K","-0.17%"
"May 22, 2018","6,764.90","6,841.60","6,900.00","6,758.00","352.70K","-1.12%"
"May 18, 2018","6,841.60","6,752.70","6,878.00","6,750.00","460.33K","1.32%"
"May 17, 2018","6,752.70","6,770.70","6,770.00","6,722.00","234.27K","-0.27%"
"May 16, 2018","6,770.70","6,820.30","6,890.00","6,735.00","111.11K","-0.73%"
"May 15, 2018","6,820.30","6,679.90","6,899.00","6,620.10","277.83K","2.10%"
"May 14, 2018","6,679.90","6,756.60","6,800.00","6,620.00","294.51K","-1.14%"
"May 11, 2018","6,756.60","6,848.80","6,870.00","6,720.00","71.88K","-1.35%"
"May 10, 2018","6,848.80","6,859.20","6,895.00","6,820.00","106.92K","-0.15%"
"May 09, 2018","6,859.20","6,978.10","7,000.00","6,850.00","284.69K","-1.70%"
"May 08, 2018","6,978.10","7,217.90","7,250.00","6,920.10","394.51K","-3.32%"
"May 07, 2018","7,217.90","7,094.30","7,250.00","7,050.20","98.60K","1.74%"
"May 04, 2018","7,094.30","7,190.20","7,225.00","7,050.00","86.86K","-1.33%"
"May 03, 2018","7,190.20","7,283.70","7,250.10","7,160.00","238.34K","-1.28%"
"May 02, 2018","7,283.70","7,241.60","7,340.00","7,132.00","152.28K","0.58%"
"Apr 30, 2018","7,241.60","7,225.90","7,345.00","7,090.00","332.04K","0.22%"
"Apr 27, 2018","7,225.90","7,220.50","7,262.00","7,150.00","506.11K","0.07%"
"Apr 26, 2018","7,220.50","7,197.80","7,330.00","7,155.00","182.57K","0.32%"
"Apr 25, 2018","7,197.80","7,314.50","7,299.60","7,159.90","137.74K","-1.60%"
"Apr 24, 2018","7,314.50","7,309.30","7,330.00","7,300.00","60.93K","0.07%"
"Apr 23, 2018","7,309.30","7,355.30","7,340.00","7,299.40","99.32K","-0.63%"
"Apr 20, 2018","7,355.30","7,278.30","7,379.00","7,249.00","153.59K","1.06%"
"Apr 19, 2018","7,278.30","7,188.90","7,343.00","7,131.00","105.40K","1.24%"
"Apr 18, 2018","7,188.90","7,137.20","7,199.00","7,150.00","179.27K","0.72%"
"Apr 17, 2018","7,137.20","7,150.30","7,180.00","7,100.00","119.18K","-0.18%"
"Apr 16, 2018","7,150.30","7,141.00","7,183.90","7,141.00","56.02K","-0.01%"
"Apr 13, 2018","7,150.90","7,147.80","7,166.00","7,120.10","133.50K","0.04%"
"Apr 12, 2018","7,147.80","7,123.50","7,185.00","7,010.00","174.49K","0.34%"
"Apr 11, 2018","7,123.50","7,097.60","7,186.00","7,096.90","89.83K","0.36%"
"Apr 10, 2018","7,097.60","7,063.30","7,100.80","7,062.30","212.09K","0.49%"
"Apr 09, 2018","7,063.30","7,153.00","7,101.00","6,850.00","249.64K","-1.25%"
"Apr 06, 2018","7,153.00","7,123.40","7,188.00","7,069.50","59.13K","0.42%"
"Apr 05, 2018","7,123.40","7,120.00","7,188.00","7,100.00","117.00K","0.05%"
"Apr 04, 2018","7,120.00","7,153.60","7,180.00","7,102.10","86.78K","-0.47%"
"Apr 03, 2018","7,153.60","6,952.70","7,190.00","6,952.70","166.72K","2.89%"
"Apr 02, 2018","6,952.70","6,928.10","6,997.90","6,900.00","76.50K","0.36%"
"Mar 29, 2018","6,928.10","6,799.00","7,000.00","6,751.00","135.17K","1.89%"
"Mar 28, 2018","6,799.90","6,783.90","6,970.00","6,751.00","190.00K","0.24%"
"Mar 27, 2018","6,783.90","6,760.10","6,898.00","6,750.00","68.76K","0.35%"
"Mar 26, 2018","6,760.10","6,769.60","6,900.00","6,750.00","96.37K","-0.14%"
"Mar 23, 2018","6,769.60","6,800.10","6,995.00","6,750.00","188.58K","-0.50%"
"Mar 22, 2018","6,803.40","6,880.00","6,880.00","6,800.00","364.78K","-1.07%"
"Mar 21, 2018","6,876.90","6,867.40","6,887.00","6,866.30","209.49K","0.14%"
"Mar 20, 2018","6,867.40","6,833.10","6,890.00","6,800.00","312.46K","0.50%"
"Mar 19, 2018","6,833.10","6,876.90","6,890.00","6,801.00","228.82K","-0.64%"
"Mar 16, 2018","6,876.90","6,864.80","6,899.90","6,700.00","224.99K","0.18%"
"Mar 15, 2018","6,864.80","6,921.70","6,950.00","6,835.00","192.22K","-0.82%"
"Mar 14, 2018","6,921.70","6,987.40","7,000.00","6,780.00","263.15K","-0.94%"
"Mar 13, 2018","6,987.40","7,130.80","7,135.00","6,945.30","154.66K","-2.01%"
"Mar 12, 2018","7,130.80","7,097.70","7,170.00","7,000.00","115.71K","0.47%"
"Mar 09, 2018","7,097.70","7,109.30","7,145.00","7,000.00","220.72K","-0.16%"
"Mar 08, 2018","7,109.30","7,099.80","7,170.00","7,060.00","767.90K","0.13%"
"Mar 07, 2018","7,099.80","7,087.40","7,110.10","6,915.00","78.47K","0.17%"
"Mar 06, 2018","7,087.40","7,230.30","7,212.00","6,951.00","85.26K","-1.98%"
"Mar 05, 2018","7,230.30","7,202.40","7,300.00","7,055.00","81.39K","0.39%"
"Mar 02, 2018","7,202.40","6,959.80","7,349.90","6,752.00","140.38K","3.49%"
"Mar 01, 2018","6,959.80","7,050.10","7,050.10","6,912.00","139.99K","-1.28%"
"Feb 28, 2018","7,050.10","7,114.70","7,143.00","6,901.00","351.75K","-0.91%"
"Feb 27, 2018","7,114.70","7,217.70","7,217.70","7,010.00","150.87K","-1.43%"
"Feb 26, 2018","7,217.70","7,343.00","7,470.00","7,100.10","62.65K","-1.71%"
"Feb 23, 2018","7,343.00","7,262.20","7,400.00","7,180.00","52.09K","1.11%"
"Feb 22, 2018","7,262.20","7,423.60","7,300.00","7,150.00","253.29K","-2.17%"
"Feb 21, 2018","7,423.60","7,157.50","7,598.00","7,080.00","172.83K","3.72%"
"Feb 20, 2018","7,157.50","7,002.40","7,230.00","6,900.00","250.36K","2.21%"
"Feb 19, 2018","7,002.40","6,852.00","7,040.00","6,750.00","14.96K","2.19%"
"Feb 16, 2018","6,852.00","6,916.60","6,916.80","6,810.00","117.51K","-0.93%"
"Feb 15, 2018","6,916.60","6,816.90","6,950.00","6,806.00","244.73K","1.46%"
"Feb 14, 2018","6,816.90","6,850.00","6,950.00","6,800.00","510.44K","-0.57%"
"Feb 13, 2018","6,856.20","6,850.10","6,999.00","6,850.00","60.05K","0.09%"
"Feb 12, 2018","6,850.10","6,858.70","7,029.70","6,850.00","342.09K","-0.13%"
"Feb 09, 2018","6,858.70","7,073.50","7,100.00","6,832.80","160.90K","-3.04%"
"Feb 08, 2018","7,073.50","7,199.50","7,199.00","7,070.00","195.75K","-1.75%"
"Feb 07, 2018","7,199.50","7,045.80","7,200.20","7,045.80","376.02K","2.18%"
"Feb 06, 2018","7,045.80","7,119.40","7,199.00","6,860.00","261.55K","-1.03%"
"Feb 05, 2018","7,119.40","7,297.10","7,380.00","7,070.00","160.43K","-2.44%"
"Feb 02, 2018","7,297.10","7,275.00","7,379.80","7,215.00","156.59K","0.30%"
"Feb 01, 2018","7,275.00","7,300.00","7,300.00","7,180.00","363.88K","0.73%"
"Jan 31, 2018","7,222.20","7,388.00","7,383.70","7,202.00","228.87K","-2.24%"
"Jan 30, 2018","7,388.00","7,364.60","7,399.80","7,231.10","131.81K","0.32%"
"Jan 29, 2018","7,364.60","7,322.70","7,394.90","7,220.10","236.11K","0.57%"
"Jan 26, 2018","7,322.70","7,184.30","7,347.90","7,184.30","70.34K","1.93%"
"Jan 25, 2018","7,184.30","7,240.50","7,350.00","7,155.10","139.18K","-0.78%"
"Jan 24, 2018","7,240.50","7,297.40","7,280.00","7,160.00","99.51K","-0.78%"
"Jan 23, 2018","7,297.40","7,299.10","7,350.00","7,280.00","395.85K","-0.02%"
"Jan 22, 2018","7,299.10","7,357.90","7,380.00","7,298.90","264.93K","-0.80%"
"Jan 19, 2018","7,357.90","7,340.00","7,395.00","7,300.00","125.08K","0.19%"
"Jan 18, 2018","7,343.80","7,225.50","7,350.00","7,100.00","318.28K","1.64%"
"Jan 17, 2018","7,225.50","7,100.00","7,290.00","7,100.00","214.54K","1.77%"
"Jan 15, 2018","7,100.00","7,130.00","7,140.00","7,090.00","241.82K","0.25%"
"Jan 12, 2018","7,082.00","7,047.30","7,150.00","6,915.10","149.31K","0.49%"
"Jan 11, 2018","7,047.30","7,079.60","7,054.00","7,000.10","191.14K","-0.46%"
"Jan 10, 2018","7,079.60","7,095.70","7,140.00","7,005.00","142.98K","-0.23%"
"Jan 09, 2018","7,095.70","7,156.90","7,180.00","7,016.00","512.76K","-0.86%"
"Jan 08, 2018","7,156.90","7,258.30","7,300.10","7,150.00","198.74K","-1.40%"
"Jan 05, 2018","7,258.30","7,237.70","7,280.00","7,150.00","179.13K","0.28%"
"Jan 04, 2018","7,237.70","6,934.90","7,247.00","6,930.00","496.95K","4.37%"
"Jan 03, 2018","6,934.90","6,938.40","6,950.00","6,859.90","126.65K","-0.05%"
"Jan 02, 2018","6,938.40","6,913.30","6,998.70","6,900.00","198.27K","0.36%"
"Dec 29, 2017","6,913.30","6,900.00","6,920.00","6,900.00","100.06K","-0.14%"
"Dec 28, 2017","6,922.70","6,892.90","6,940.00","6,900.00","172.40K","0.43%"
"Dec 27, 2017","6,892.90","6,855.00","6,950.00","6,850.00","95.58K","0.55%"
"Dec 26, 2017","6,855.00","6,950.00","6,950.20","6,849.00","82.83K","-0.65%"
"Dec 22, 2017","6,900.00","6,661.00","6,900.00","6,663.00","149.13K","3.59%"
"Dec 21, 2017","6,661.00","6,802.10","6,975.00","6,651.00","252.18K","-2.07%"
"Dec 20, 2017","6,802.10","6,944.10","7,000.00","6,760.00","247.08K","-2.04%"
"Dec 19, 2017","6,944.10","6,998.70","7,340.00","6,900.00","344.04K","-0.78%"
"Dec 18, 2017","6,998.70","6,625.80","7,500.00","6,595.00","1.26M","5.63%"
"Dec 15, 2017","6,625.80","6,523.90","6,900.00","6,490.00","601.55K","1.56%"
"Dec 14, 2017","6,523.90","6,498.20","6,545.00","6,380.00","168.56K","0.40%"
"Dec 13, 2017","6,498.20","6,322.50","6,574.00","6,300.00","230.86K","2.78%"
"Dec 12, 2017","6,322.50","6,291.80","6,360.00","6,285.00","96.44K","0.49%"
"Dec 11, 2017","6,291.80","6,159.50","6,450.00","6,159.80","151.09K","2.15%"
"Dec 07, 2017","6,159.50","6,081.10","6,230.00","5,950.00","241.09K","1.29%"
"Dec 06, 2017","6,081.10","6,099.80","6,500.00","6,000.00","179.98K","-0.31%"
"Dec 05, 2017","6,099.80","6,208.40","6,200.00","6,002.00","113.44K","-1.75%"
"Dec 04, 2017","6,208.40","6,198.70","6,290.00","6,122.00","160.81K","0.16%"
"Dec 01, 2017","6,198.70","6,257.90","6,299.90","6,122.00","77.19K","-0.95%"
"Nov 30, 2017","6,257.90","6,385.50","6,400.00","6,110.00","665.19K","-2.00%"
"Nov 29, 2017","6,385.50","6,224.30","6,400.00","6,270.00","255.52K","2.59%"
"Nov 28, 2017","6,224.30","6,273.40","6,300.00","6,150.10","130.50K","-0.78%"
"Nov 27, 2017","6,273.40","6,287.80","6,435.90","6,200.00","156.57K","-0.23%"
"Nov 24, 2017","6,287.80","6,237.20","6,450.00","6,199.00","155.71K","0.81%"
"Nov 23, 2017","6,237.20","6,282.00","6,499.80","6,150.00","94.61K","-0.71%"
"Nov 22, 2017","6,282.00","6,470.90","6,599.00","6,225.00","111.49K","-2.92%"
"Nov 21, 2017","6,470.90","6,215.40","6,699.00","6,221.10","309.58K","4.11%"
"Nov 20, 2017","6,215.40","6,702.90","6,600.00","6,195.00","251.45K","-7.27%"
"Nov 17, 2017","6,702.90","6,660.10","6,745.90","6,670.00","156.01K","0.64%"
"Nov 16, 2017","6,660.10","6,652.00","6,750.00","6,650.00","208.49K","0.12%"
"Nov 15, 2017","6,652.00","6,732.10","6,799.90","6,601.00","248.52K","-1.19%"
"Nov 14, 2017","6,732.10","6,904.60","6,999.00","6,701.00","149.74K","-2.50%"
"Nov 13, 2017","6,904.60","7,032.40","7,000.00","6,900.00","165.62K","-1.82%"
"Nov 10, 2017","7,032.40","7,027.60","7,055.00","7,015.00","88.74K","0.07%"
"Nov 09, 2017","7,027.60","7,056.70","7,110.00","7,000.00","82.82K","-0.41%"
"Nov 08, 2017","7,056.70","7,184.10","7,184.10","7,027.00","93.93K","-1.77%"
"Nov 07, 2017","7,184.10","7,347.10","7,400.00","7,135.00","148.25K","-2.22%"
"Nov 06, 2017","7,347.10","7,208.10","7,370.00","7,108.00","456.01K","1.93%"
"Nov 03, 2017","7,208.10","7,300.00","7,300.00","7,100.10","133.08K","-1.31%"
"Nov 02, 2017","7,303.80","7,397.60","7,350.00","7,250.00","194.49K","-1.27%"
"Oct 31, 2017","7,397.60","7,250.00","7,399.00","7,160.00","280.41K","2.02%"
"Oct 30, 2017","7,251.20","7,030.60","7,280.00","7,089.80","273.39K","3.14%"
"Oct 26, 2017","7,030.60","7,008.00","7,099.00","7,005.00","109.61K","0.32%"
"Oct 25, 2017","7,008.00","7,024.00","7,100.00","7,000.00","242.69K","-0.32%"
"Oct 24, 2017","7,030.20","7,064.60","7,070.00","7,020.00","294.73K","-0.49%"
"Oct 23, 2017","7,064.60","7,096.40","7,099.90","7,050.00","319.34K","-0.45%"
"Oct 20, 2017","7,096.40","7,049.10","7,199.80","7,000.00","86.03K","0.67%"
"Oct 19, 2017","7,049.10","7,060.00","7,080.50","6,969.90","268.83K","0.40%"
"Oct 18, 2017","7,021.20","7,027.20","7,100.00","7,020.00","54.80K","-0.09%"
"Oct 17, 2017","7,027.20","7,102.90","7,150.00","7,005.00","352.25K","-1.07%"
"Oct 16, 2017","7,102.90","7,063.10","7,224.50","7,066.10","209.41K","0.56%"
"Oct 13, 2017","7,063.10","7,120.00","7,250.00","7,005.00","293.99K","-0.81%"
"Oct 12, 2017","7,120.70","7,200.00","7,350.00","7,100.00","438.37K","-2.23%"
"Oct 11, 2017","7,283.10","7,120.90","7,295.00","7,125.00","503.70K","2.28%"
"Oct 10, 2017","7,120.90","7,039.00","7,144.00","7,022.00","293.29K","1.16%"
"Oct 06, 2017","7,039.40","6,869.90","7,070.00","6,750.00","258.16K","2.47%"
"Oct 05, 2017","6,869.90","6,790.00","6,898.00","6,670.00","121.86K","1.29%"
"Oct 04, 2017","6,782.30","6,660.00","6,800.00","6,625.10","429.24K","1.84%"
"Oct 03, 2017","6,660.00","6,677.70","6,674.80","6,626.00","313.83K","-0.27%"
"Oct 02, 2017","6,677.70","6,700.00","6,702.00","6,621.00","179.75K","0.87%"
"Sep 29, 2017","6,619.80","6,549.60","6,680.00","6,600.00","989.17K","1.07%"
"Sep 28, 2017","6,549.60","6,570.40","6,725.00","6,530.00","239.17K","-0.32%"
"Sep 27, 2017","6,570.40","6,601.70","6,696.00","6,500.00","155.27K","-0.47%"
"Sep 26, 2017","6,601.70","6,730.00","6,730.00","6,500.00","397.35K","-1.34%"
"Sep 25, 2017","6,691.50","6,633.90","6,757.00","6,530.00","95.73K","0.87%"
"Sep 22, 2017","6,633.90","6,680.00","6,774.30","6,630.00","171.59K","-0.44%"
"Sep 21, 2017","6,663.10","6,584.10","6,677.40","6,549.80","219.37K","1.20%"
"Sep 20, 2017","6,584.10","6,610.00","6,610.00","6,500.00","280.41K","0.73%"
"Sep 15, 2017","6,536.10","6,472.20","6,610.00","6,478.20","870.84K","0.99%"
"Sep 14, 2017","6,472.20","6,391.10","6,590.00","6,400.00","124.67K","1.27%"
"Sep 13, 2017","6,391.10","6,389.90","6,440.00","6,300.00","119.51K","0.02%"
"Sep 12, 2017","6,389.90","6,399.80","6,400.00","6,368.00","231.51K","0.24%"
"Sep 11, 2017","6,374.40","6,410.50","6,474.90","6,350.00","107.75K","-0.56%"
"Sep 08, 2017","6,410.50","6,483.50","6,650.00","6,410.00","516.26K","-1.13%"
"Sep 07, 2017","6,483.50","6,465.20","6,525.00","6,450.10","1.09M","0.28%"
"Sep 06, 2017","6,465.20","6,608.30","6,630.00","6,425.00","366.81K","-2.17%"
"Sep 05, 2017","6,608.30","6,562.70","6,649.90","6,562.00","166.81K","0.69%"
"Sep 04, 2017","6,562.70","6,554.60","6,690.00","6,554.00","120.42K","0.12%"
"Sep 01, 2017","6,554.60","6,566.20","6,650.00","6,498.00","150.45K","-0.18%"
"Aug 31, 2017","6,566.20","6,636.00","6,780.00","6,518.00","243.06K","-1.05%"
"Aug 30, 2017","6,636.00","6,683.30","6,690.00","6,600.00","241.88K","-0.71%"
"Aug 29, 2017","6,683.30","6,646.90","6,700.00","6,420.00","194.37K","0.55%"
"Aug 28, 2017","6,646.90","6,679.70","6,750.00","6,602.00","410.44K","-0.49%"
"Aug 25, 2017","6,679.70","6,530.00","6,679.90","6,530.00","104.31K","2.23%"
"Aug 24, 2017","6,533.90","6,587.80","6,585.00","6,530.50","100.42K","-0.82%"
"Aug 23, 2017","6,587.80","6,590.50","6,614.00","6,565.00","93.86K","-0.04%"
"Aug 22, 2017","6,590.50","6,541.90","6,617.00","6,542.00","191.96K","0.74%"
"Aug 21, 2017","6,541.90","6,609.00","6,674.80","6,530.00","186.11K","-0.99%"
"Aug 18, 2017","6,607.40","6,665.60","6,666.00","6,512.00","216.52K","-0.87%"
"Aug 17, 2017","6,665.60","6,721.90","6,815.00","6,650.00","251.05K","-0.84%"
"Aug 16, 2017","6,721.90","6,735.80","6,804.80","6,700.40","148.12K","-0.21%"
"Aug 14, 2017","6,735.80","6,807.40","6,805.10","6,660.00","100.20K","-1.05%"
"Aug 11, 2017","6,807.40","6,860.10","6,865.10","6,800.00","175.34K","-0.77%"
"Aug 10, 2017","6,860.10","6,826.00","6,891.00","6,820.10","214.23K","0.41%"
"Aug 09, 2017","6,832.00","6,897.00","6,891.00","6,816.00","797.46K","-0.94%"
"Aug 08, 2017","6,897.00","7,114.00","7,101.00","6,850.00","266.19K","-3.05%"
"Aug 07, 2017","7,114.00","7,124.70","7,118.00","7,010.00","83.81K","-0.15%"
"Aug 04, 2017","7,124.70","7,148.70","7,149.60","7,115.00","56.19K","-0.34%"
"Aug 03, 2017","7,148.70","7,188.20","7,216.00","7,115.00","171.02K","-0.55%"
"Aug 02, 2017","7,188.20","7,187.60","7,348.00","7,170.00","304.69K","0.01%"
"Aug 01, 2017","7,187.60","7,294.70","7,300.00","7,151.00","110.36K","-1.47%"
"Jul 31, 2017","7,294.70","7,409.10","7,409.10","7,250.00","312.79K","-1.54%"
"Jul 28, 2017","7,409.10","7,345.70","7,475.00","7,345.70","172.02K","0.86%"
"Jul 27, 2017","7,345.70","7,407.70","7,420.00","7,280.00","536.83K","-0.84%"
"Jul 26, 2017","7,407.70","7,499.00","7,499.00","7,370.00","228.04K","-0.52%"
"Jul 25, 2017","7,446.40","7,387.80","7,490.00","7,380.00","267.70K","0.79%"
"Jul 24, 2017","7,387.80","7,375.00","7,490.00","7,290.00","113.67K","0.51%"
"Jul 21, 2017","7,350.20","7,489.90","7,490.00","7,301.00","140.47K","-1.87%"
"Jul 20, 2017","7,489.90","7,398.20","7,570.00","7,412.00","291.46K","1.24%"
"Jul 19, 2017","7,398.20","7,411.60","7,404.20","7,361.00","239.35K","-0.18%"
"Jul 18, 2017","7,411.60","7,425.00","7,449.00","7,315.10","181.30K","-0.33%"
"Jul 17, 2017","7,435.90","7,275.70","7,487.00","7,270.00","206.91K","2.20%"
"Jul 14, 2017","7,275.70","7,225.90","7,350.00","7,242.30","186.19K","0.69%"
"Jul 13, 2017","7,225.90","7,203.50","7,288.00","7,200.00","232.46K","0.31%"
"Jul 12, 2017","7,203.50","7,167.00","7,237.70","7,152.00","370.53K","0.51%"
"Jul 11, 2017","7,167.00","7,255.50","7,256.00","7,122.00","242.95K","-1.22%"
"Jul 10, 2017","7,255.50","7,254.70","7,280.00","7,250.00","134.64K","0.01%"
"Jul 07, 2017","7,254.70","7,180.00","7,269.80","7,180.00","190.01K","1.04%"
"Jul 06, 2017","7,180.00","7,280.50","7,283.00","7,135.00","112.91K","-1.38%"
"Jul 05, 2017","7,280.50","7,270.00","7,299.00","7,250.00","195.67K","0.14%"
"Jul 04, 2017","7,270.00","7,287.80","7,300.00","7,239.90","65.39K","-0.24%"
"Jul 03, 2017","7,287.80","7,235.30","7,300.00","7,235.40","190.73K","0.73%"
"Jun 30, 2017","7,235.30","7,217.30","7,300.00","7,217.00","87.18K","0.25%"
"Jun 29, 2017","7,217.30","7,225.20","7,249.30","7,210.00","92.05K","-0.11%"
"Jun 28, 2017","7,225.20","7,310.00","7,300.00","7,200.00","446.73K","-1.16%"
"Jun 27, 2017","7,310.00","7,343.10","7,370.00","7,281.00","103.71K","-0.45%"
"Jun 23, 2017","7,343.10","7,355.50","7,485.00","7,301.00","142.43K","-0.17%"
"Jun 22, 2017","7,355.50","7,287.20","7,415.00","7,287.20","159.86K","0.94%"
"Jun 21, 2017","7,287.20","7,437.50","7,405.00","7,110.00","249.12K","-2.02%"
"Jun 20, 2017","7,437.50","7,458.30","7,500.00","7,400.00","309.47K","-0.28%"
"Jun 19, 2017","7,458.30","7,465.00","7,519.70","7,400.00","90.85K","-0.78%"
"Jun 16, 2017","7,517.20","7,453.40","7,600.00","7,435.90","838.30K","0.86%"
"Jun 15, 2017","7,453.40","7,548.30","7,548.30","7,410.00","56.32K","-1.26%"
"Jun 14, 2017","7,548.30","7,567.40","7,566.20","7,489.00","719.28K","-0.25%"
"Jun 13, 2017","7,567.40","7,554.70","7,640.00","7,505.00","110.08K","0.17%"
"Jun 12, 2017","7,554.70","7,468.60","7,600.00","7,468.60","189.58K","1.15%"
"Jun 09, 2017","7,468.60","7,526.90","7,598.00","7,450.00","125.27K","-0.77%"
"Jun 08, 2017","7,526.90","7,596.30","7,600.00","7,504.90","129.22K","-0.91%"
"Jun 07, 2017","7,596.30","7,643.70","7,643.50","7,590.00","116.35K","-0.62%"
"Jun 06, 2017","7,643.70","7,590.00","7,648.90","7,590.00","131.11K","0.71%"
"Jun 05, 2017","7,590.00","7,639.60","7,648.90","7,589.90","74.87K","-0.65%"
"Jun 02, 2017","7,639.60","7,546.60","7,650.10","7,500.10","192.10K","1.23%"
"Jun 01, 2017","7,546.60","7,493.30","7,589.90","7,320.00","147.29K","0.71%"
"May 31, 2017","7,493.30","7,432.00","7,550.00","7,406.00","445.30K","0.82%"
"May 30, 2017","7,432.00","7,492.10","7,500.00","7,430.00","257.63K","-0.80%"
"May 29, 2017","7,492.10","7,469.10","7,499.60","7,450.00","38.07K","0.31%"
"May 26, 2017","7,469.10","7,499.60","7,500.00","7,421.00","78.11K","-0.41%"
"May 25, 2017","7,499.60","7,536.50","7,540.00","7,456.00","136.97K","-0.49%"
"May 24, 2017","7,536.50","7,464.90","7,595.00","7,457.80","167.22K","0.96%"
"May 23, 2017","7,464.90","7,515.50","7,530.00","7,320.00","420.22K","-0.67%"
"May 22, 2017","7,515.50","7,653.10","7,650.00","7,515.00","104.71K","-1.80%"
"May 19, 2017","7,653.10","7,628.40","7,687.00","7,610.00","59.80K","0.32%"
"May 18, 2017","7,628.40","7,638.40","7,690.00","7,600.00","269.82K","-0.13%"
"May 17, 2017","7,638.40","7,620.80","7,653.00","7,525.00","281.42K","0.23%"
"May 16, 2017","7,620.80","7,621.00","7,677.00","7,586.00","233.68K","-0.00%"
"May 15, 2017","7,621.00","7,649.70","7,665.00","7,590.00","326.30K","-0.38%"
"May 12, 2017","7,649.70","7,600.80","7,682.00","7,600.00","180.50K","0.64%"
"May 11, 2017","7,600.80","7,600.00","7,698.00","7,571.00","334.00K","0.01%"
"May 10, 2017","7,600.00","7,677.50","7,897.90","7,513.00","1.13M","-1.01%"
"May 09, 2017","7,677.50","7,976.00","8,000.00","7,630.00","455.27K","-3.75%"
"May 08, 2017","7,976.60","8,055.90","8,110.00","7,966.00","152.01K","-0.98%"
"May 05, 2017","8,055.90","8,064.70","8,140.00","8,000.10","94.18K","-0.11%"
"May 04, 2017","8,064.70","8,138.00","8,148.70","8,001.20","210.07K","-0.90%"
"May 03, 2017","8,138.00","8,150.20","8,163.00","7,925.00","169.51K","-0.15%"
"May 02, 2017","8,150.20","8,010.60","8,168.20","8,010.00","181.52K","1.74%"
"Apr 28, 2017","8,010.60","8,036.30","8,139.90","8,000.00","144.79K","-0.32%"
"Apr 27, 2017","8,036.30","8,243.10","8,239.90","7,974.10","126.33K","-2.51%"
"Apr 26, 2017","8,243.10","8,172.10","8,290.00","8,146.90","132.12K","0.87%"
"Apr 25, 2017","8,172.10","8,114.70","8,230.00","8,115.00","151.42K","0.71%"
"Apr 24, 2017","8,114.70","8,123.20","8,292.90","8,060.10","153.78K","-0.10%"
"Apr 21, 2017","8,123.20","8,127.80","8,159.00","8,005.00","188.18K","-0.06%"
"Apr 20, 2017","8,127.80","8,185.50","8,215.00","8,100.00","308.97K","-0.70%"
"Apr 18, 2017","8,185.50","8,313.50","8,300.00","8,106.10","217.15K","-1.54%"
"Apr 17, 2017","8,313.50","8,223.60","8,382.00","8,223.60","119.01K","1.09%"
"Apr 13, 2017","8,223.60","8,300.40","8,299.00","8,106.10","46.18K","-0.93%"
"Apr 12, 2017","8,300.40","8,180.10","8,370.00","8,025.00","470.50K","1.47%"
"Apr 11, 2017","8,180.10","8,156.70","8,240.00","7,981.00","265.28K","0.29%"
"Apr 10, 2017","8,156.70","8,101.50","8,200.00","8,100.00","117.33K","0.68%"
"Apr 07, 2017","8,101.50","8,200.20","8,238.90","8,060.00","111.55K","-1.20%"
"Apr 06, 2017","8,200.20","8,196.00","8,238.90","8,130.40","83.26K","0.05%"
"Apr 05, 2017","8,196.00","8,123.70","8,200.00","8,120.00","627.94K","0.89%"
"Apr 04, 2017","8,123.70","8,061.30","8,200.00","7,962.00","156.43K","0.77%"
"Apr 03, 2017","8,061.30","7,976.20","8,085.90","7,910.10","171.74K","1.07%"
"Mar 31, 2017","7,976.20","8,068.20","8,050.00","7,905.10","244.88K","-1.14%"
"Mar 30, 2017","8,068.20","8,135.40","8,135.00","8,000.00","127.12K","-0.83%"
"Mar 29, 2017","8,135.40","8,268.20","8,268.20","8,130.00","485.72K","-1.61%"
"Mar 28, 2017","8,268.20","8,027.20","8,350.00","8,038.00","304.01K","3.00%"
"Mar 27, 2017","8,027.20","8,215.50","8,120.00","8,005.00","225.49K","-2.29%"
"Mar 24, 2017","8,215.50","8,204.90","8,295.00","8,105.10","538.30K","0.13%"
"Mar 23, 2017","8,204.90","8,013.90","8,350.00","8,049.90","254.14K","2.38%"
"Mar 22, 2017","8,013.90","8,098.00","8,097.80","7,951.00","259.93K","-1.04%"
"Mar 21, 2017","8,098.00","8,097.30","8,149.90","7,910.50","349.74K","0.01%"
"Mar 20, 2017","8,097.30","7,979.10","8,150.00","7,979.10","572.22K","0.79%"
"Mar 17, 2017","8,033.50","7,838.70","8,099.00","7,785.00","576.80K","2.49%"
"Mar 16, 2017","7,838.70","7,794.70","7,995.00","7,790.00","661.24K","0.56%"
"Mar 15, 2017","7,794.70","7,649.20","7,800.00","7,600.00","203.25K","1.90%"
"Mar 14, 2017","7,649.20","7,848.00","7,848.00","7,459.00","317.39K","0.80%"
"Mar 13, 2017","7,588.30","7,462.30","7,750.00","7,500.00","254.75K","1.69%"
"Mar 10, 2017","7,462.30","7,507.40","7,511.00","7,405.00","154.51K","-0.60%"
"Mar 09, 2017","7,507.40","7,452.80","7,705.00","7,375.00","148.82K","0.73%"
"Mar 08, 2017","7,452.80","7,459.60","7,455.00","7,311.40","71.33K","-0.09%"
"Mar 07, 2017","7,459.60","7,493.60","7,500.00","7,300.10","115.17K","-0.45%"
"Mar 06, 2017","7,493.60","7,495.10","7,500.10","7,286.00","102.80K","-0.02%"
"Mar 03, 2017","7,495.10","7,295.00","7,530.00","7,284.00","63.91K","3.41%"
"Mar 02, 2017","7,248.10","7,173.80","7,250.00","7,200.00","111.58K","1.04%"
"Mar 01, 2017","7,173.80","7,224.00","7,224.00","7,105.40","112.81K","-0.69%"
"Feb 28, 2017","7,224.00","7,256.80","7,250.00","7,151.20","199.07K","-0.45%"
"Feb 27, 2017","7,256.80","7,240.60","7,295.00","7,225.00","26.03K","0.22%"
"Feb 24, 2017","7,240.60","7,232.50","7,260.00","7,115.00","41.75K","0.11%"
"Feb 23, 2017","7,232.50","7,369.00","7,325.00","7,183.00","254.90K","-1.85%"
"Feb 22, 2017","7,369.00","7,300.00","7,380.00","7,320.00","97.44K","0.95%"
"Feb 21, 2017","7,300.00","7,300.40","7,320.00","7,250.00","372.67K","-0.01%"
"Feb 20, 2017","7,300.40","7,294.20","7,348.00","7,290.00","42.35K","0.08%"
"Feb 17, 2017","7,294.20","7,364.80","7,349.90","7,250.10","71.54K","-0.96%"
"Feb 16, 2017","7,364.80","7,333.00","7,388.50","7,251.00","224.08K","0.43%"
"Feb 15, 2017","7,333.00","7,272.20","7,345.10","7,200.00","104.45K","0.84%"
"Feb 14, 2017","7,272.20","7,392.10","7,390.00","7,152.50","182.44K","-1.62%"
"Feb 13, 2017","7,392.10","7,299.20","7,399.00","7,250.00","115.11K","1.27%"
"Feb 10, 2017","7,299.20","7,115.70","7,300.00","7,113.00","120.96K","2.58%"
"Feb 09, 2017","7,115.70","7,067.40","7,150.00","7,040.00","266.71K","0.68%"
"Feb 08, 2017","7,067.40","6,991.00","7,100.00","6,991.00","111.74K","1.09%"
"Feb 07, 2017","6,991.00","7,048.00","7,048.00","6,970.00","389.96K","-0.81%"
"Feb 06, 2017","7,048.00","7,103.80","7,100.00","7,010.00","101.65K","-0.79%"
"Feb 03, 2017","7,103.80","7,010.40","7,180.00","7,020.00","199.76K","1.33%"
"Feb 02, 2017","7,010.40","7,027.40","7,289.70","6,900.00","270.05K","-0.24%"
"Feb 01, 2017","7,027.40","7,021.60","7,100.00","7,010.00","188.79K","0.08%"
"Jan 31, 2017","7,021.60","7,046.60","7,120.00","6,951.00","283.78K","-0.35%"
"Jan 30, 2017","7,046.60","7,104.70","7,120.00","7,001.00","183.92K","-0.82%"
"Jan 27, 2017","7,104.70","7,194.20","7,200.00","7,100.00","96.43K","-1.24%"
"Jan 26, 2017","7,194.20","7,250.00","7,325.00","7,190.00","338.51K","-0.11%"
"Jan 25, 2017","7,201.80","7,100.60","7,249.00","7,100.00","141.30K","1.43%"
"Jan 24, 2017","7,100.60","7,138.10","7,290.00","7,080.00","137.36K","-0.53%"
"Jan 23, 2017","7,138.10","7,121.40","7,150.00","7,125.00","136.25K","0.23%"
"Jan 20, 2017","7,121.40","7,224.10","7,225.00","7,100.10","314.36K","-1.42%"
"Jan 19, 2017","7,224.10","7,233.80","7,233.00","7,208.00","66.78K","-0.13%"
"Jan 18, 2017","7,233.80","7,148.70","7,275.00","7,148.70","194.82K","1.19%"
"Jan 17, 2017","7,148.70","7,035.30","7,175.00","7,035.00","3.62M","1.61%"
"Jan 16, 2017","7,035.30","7,091.00","7,074.90","7,020.00","22.71K","-0.79%"
"Jan 13, 2017","7,091.00","7,153.50","7,200.00","7,075.00","491.68K","-0.87%"
"Jan 12, 2017","7,153.50","7,081.90","7,200.00","7,050.00","201.94K","1.01%"
"Jan 11, 2017","7,081.90","7,034.40","7,090.00","6,999.80","1.35M","0.68%"
"Jan 10, 2017","7,034.40","7,005.20","7,089.00","6,950.00","147.44K","0.42%"
"Jan 09, 2017","7,005.20","7,004.70","7,090.00","6,925.00","199.15K","0.01%"
"Jan 06, 2017","7,004.70","6,990.40","7,030.00","6,930.00","92.94K","0.20%"
"Jan 05, 2017","6,990.40","7,014.90","7,030.00","6,870.00","92.82K","-0.35%"
"Jan 04, 2017","7,014.90","7,006.80","7,078.00","6,962.00","540.45K","0.12%"
"Jan 03, 2017","7,006.80","7,106.90","7,150.00","6,965.00","47.51K","-1.41%"
"Dec 30, 2016","7,106.90","7,103.10","7,145.00","7,070.00","80.60K","0.05%"
"Dec 29, 2016","7,103.10","7,100.00","7,150.00","7,050.00","123.93K","0.04%"
"Dec 28, 2016","7,100.00","6,965.00","7,149.90","6,970.00","422.15K","1.94%"
"Dec 27, 2016","6,965.00","7,000.00","7,000.00","6,950.00","272.06K","-0.50%"
"Dec 26, 2016","7,000.00","6,761.30","7,000.00","6,761.30","176.71K","3.53%"
"Dec 23, 2016","6,761.30","6,858.70","6,850.00","6,735.00","24.71K","-1.42%"
"Dec 22, 2016","6,858.70","6,934.10","6,943.10","6,825.00","249.07K","-1.09%"
"Dec 21, 2016","6,934.10","7,041.20","7,166.00","6,900.00","165.70K","-1.52%"
"Dec 20, 2016","7,041.20","7,091.20","7,139.00","7,000.10","199.93K","-0.71%"
"Dec 19, 2016","7,091.20","7,077.30","7,200.00","7,048.00","84.89K","0.20%"
"Dec 16, 2016","7,077.30","7,154.40","7,200.00","7,035.10","425.68K","-1.08%"
"Dec 15, 2016","7,154.40","7,167.80","7,167.80","7,111.00","69.23K","-0.19%"
"Dec 14, 2016","7,167.80","7,234.90","7,200.00","7,140.00","121.49K","-0.93%"
"Dec 13, 2016","7,234.90","7,199.60","7,295.00","7,109.90","689.32K","0.49%"
"Dec 12, 2016","7,199.60","7,190.90","7,299.00","7,139.00","87.51K","0.12%"
"Dec 09, 2016","7,190.90","7,158.10","7,299.00","7,158.00","247.29K","0.46%"
"Dec 07, 2016","7,158.10","7,125.40","7,299.30","7,125.90","230.25K","0.46%"
"Dec 06, 2016","7,125.40","7,126.10","7,150.00","7,105.00","49.79K","-0.01%"
"Dec 05, 2016","7,126.10","7,149.30","7,150.80","7,100.10","1.35M","-0.32%"
"Dec 02, 2016","7,149.30","7,145.60","7,200.00","7,085.00","2.18M","0.05%"
"Dec 01, 2016","7,145.60","7,162.10","7,250.00","7,102.00","637.63K","-0.23%"
"Nov 30, 2016","7,162.10","7,108.70","7,440.00","7,055.00","349.17K","0.75%"
"Nov 29, 2016","7,108.70","7,154.80","7,198.50","7,012.30","79.21K","-0.64%"
"Nov 28, 2016","7,154.80","7,155.60","7,199.90","7,100.00","686.92K","-0.01%"
"Nov 25, 2016","7,155.60","7,132.30","7,235.00","7,130.00","34.90K","0.33%"
"Nov 24, 2016","7,132.30","7,263.70","7,250.00","7,100.00","37.22K","-1.81%"
"Nov 23, 2016","7,263.70","7,211.10","7,278.00","7,200.00","395.91K","0.73%"
"Nov 22, 2016","7,211.10","7,153.60","7,296.00","7,154.00","147.33K","0.80%"
"Nov 21, 2016","7,153.60","7,068.80","7,200.10","6,845.00","154.96K","1.20%"
"Nov 18, 2016","7,068.80","6,991.10","7,149.00","6,910.20","137.82K","1.11%"
"Nov 17, 2016","6,991.10","7,009.50","6,999.00","6,901.00","152.03K","-0.26%"
"Nov 16, 2016","7,009.50","6,994.60","7,099.00","6,900.30","240.86K","0.21%"
"Nov 15, 2016","6,994.60","6,827.20","7,148.80","6,823.50","374.60K","2.45%"
"Nov 14, 2016","6,827.20","6,886.00","6,900.00","6,802.00","245.13K","-0.85%"
"Nov 11, 2016","6,886.00","6,999.00","6,999.00","6,850.00","265.25K","-1.61%"
"Nov 10, 2016","6,999.00","7,071.80","7,210.00","6,910.30","414.74K","-1.03%"
"Nov 09, 2016","7,071.80","6,896.70","7,199.00","6,680.00","367.40K","2.54%"
"Nov 08, 2016","6,896.70","6,688.50","6,998.00","6,750.00","413.65K","3.11%"
"Nov 07, 2016","6,688.50","6,643.80","6,788.90","6,656.30","178.47K","0.67%"
"Nov 04, 2016","6,643.80","6,652.40","6,737.00","6,530.00","197.62K","-0.13%"
"Nov 03, 2016","6,652.40","6,797.00","6,787.30","6,625.00","116.97K","-2.13%"
"Nov 02, 2016","6,797.00","7,005.00","6,950.00","6,750.20","227.81K","-2.97%"
"Oct 28, 2016","7,005.00","7,015.30","7,039.80","6,710.00","97.82K","-0.15%"
"Oct 27, 2016","7,015.30","6,934.60","7,030.00","6,934.60","230.63K","1.16%"
"Oct 26, 2016","6,934.60","6,995.20","7,000.00","6,800.00","251.91K","-0.87%"
"Oct 25, 2016","6,995.20","6,983.80","7,050.00","6,927.00","175.23K","0.16%"
"Oct 24, 2016","6,983.80","6,949.60","7,050.00","6,949.90","219.80K","0.49%"
"Oct 21, 2016","6,949.60","6,823.20","6,960.00","6,823.20","306.34K","1.85%"
"Oct 20, 2016","6,823.20","6,917.30","6,975.00","6,800.00","359.61K","-1.36%"
"Oct 19, 2016","6,917.30","6,758.10","6,990.00","6,710.00","278.98K","2.36%"
"Oct 18, 2016","6,758.10","6,637.30","6,780.00","6,637.30","617.47K","1.82%"
"Oct 17, 2016","6,637.30","6,665.80","6,668.10","6,517.00","170.07K","-0.43%"
"Oct 14, 2016","6,665.80","6,577.00","6,749.90","6,545.00","134.83K","1.35%"
"Oct 13, 2016","6,577.00","6,509.50","6,589.90","6,450.00","326.07K","1.03%"
"Oct 12, 2016","6,510.00","6,483.60","6,510.00","6,450.00","195.05K","0.41%"
"Oct 11, 2016","6,483.60","6,400.40","6,492.00","6,401.00","159.56K","1.30%"
"Oct 07, 2016","6,400.40","6,368.80","6,495.00","6,375.10","202.28K","0.50%"
"Oct 06, 2016","6,368.80","6,399.90","6,438.00","6,352.10","506.61K","-0.49%"
"Oct 05, 2016","6,399.90","6,418.60","6,428.80","6,390.00","372.87K","-0.29%"
"Oct 04, 2016","6,418.60","6,454.70","6,454.70","6,390.10","726.54K","-0.56%"
"Oct 03, 2016","6,454.70","6,431.10","6,460.00","6,445.00","28.25K","0.37%"
"Sep 30, 2016","6,431.10","6,500.50","6,498.70","6,360.20","95.06K","-1.07%"
"Sep 29, 2016","6,500.50","6,465.70","6,540.00","6,356.00","202.86K","0.54%"
"Sep 28, 2016","6,465.70","6,442.80","6,499.90","6,390.00","45.83K","0.36%"
"Sep 27, 2016","6,442.80","6,433.60","6,449.90","6,375.10","203.32K","0.14%"
"Sep 26, 2016","6,433.60","6,412.90","6,447.00","6,360.00","45.84K","0.32%"
"Sep 23, 2016","6,412.90","6,452.80","6,452.80","6,361.80","140.34K","-0.62%"
"Sep 22, 2016","6,452.80","6,397.80","6,475.00","6,399.80","177.96K","0.86%"
"Sep 21, 2016","6,397.80","6,395.80","6,448.20","6,395.40","132.79K","0.03%"
"Sep 20, 2016","6,395.80","6,368.70","6,440.00","6,302.00","150.07K","0.43%"
"Sep 16, 2016","6,368.70","6,463.70","6,405.50","6,350.00","271.84K","-1.47%"
"Sep 15, 2016","6,463.70","6,376.70","6,495.00","6,375.00","150.60K","1.36%"
"Sep 14, 2016","6,376.70","6,400.90","6,400.00","6,360.00","685.15K","-0.38%"
"Sep 13, 2016","6,400.90","6,328.40","6,450.00","6,300.00","173.82K","1.15%"
"Sep 12, 2016","6,328.40","6,428.60","6,400.00","6,210.00","83.65K","-1.56%"
"Sep 09, 2016","6,428.60","6,415.90","6,490.00","6,415.00","42.09K","0.20%"
"Sep 08, 2016","6,415.90","6,462.90","6,470.00","6,403.10","111.92K","-0.73%"
"Sep 07, 2016","6,462.90","6,505.10","6,499.00","6,450.00","78.29K","-0.65%"
"Sep 06, 2016","6,505.10","6,446.70","6,550.00","6,427.10","292.27K","0.91%"
"Sep 05, 2016","6,446.70","6,439.40","6,490.00","6,400.00","29.86K","0.11%"
"Sep 02, 2016","6,439.40","6,400.00","6,448.00","6,400.00","170.31K","-0.10%"
"Sep 01, 2016","6,445.60","6,434.60","6,499.90","6,400.00","37.56K","0.17%"
"Aug 31, 2016","6,434.60","6,494.10","6,494.50","6,400.00","327.75K","-0.92%"
"Aug 30, 2016","6,494.10","6,509.10","6,510.10","6,490.00","63.13K","-0.23%"
"Aug 29, 2016","6,509.10","6,464.50","6,510.00","6,466.00","54.89K","0.69%"
"Aug 26, 2016","6,464.50","6,509.40","6,589.00","6,387.00","169.11K","-0.69%"
"Aug 25, 2016","6,509.40","6,532.30","6,540.00","6,456.00","97.15K","-0.35%"
"Aug 24, 2016","6,532.30","6,544.20","6,550.00","6,451.00","482.55K","-0.18%"
"Aug 23, 2016","6,544.20","6,549.20","6,550.00","6,500.00","483.59K","-0.08%"
"Aug 22, 2016","6,549.20","6,506.80","6,550.00","6,500.00","60.90K","0.65%"
"Aug 19, 2016","6,506.80","6,548.20","6,549.90","6,500.00","1.11M","-0.63%"
"Aug 18, 2016","6,548.20","6,544.70","6,550.00","6,500.00","101.09K","0.05%"
"Aug 17, 2016","6,544.70","6,654.40","6,684.00","6,500.00","935.56K","-1.65%"
"Aug 16, 2016","6,654.40","6,586.60","6,699.00","6,545.00","119.08K","1.03%"
"Aug 12, 2016","6,586.60","6,500.10","6,600.00","6,474.00","178.41K","1.33%"
"Aug 11, 2016","6,500.10","6,442.10","6,510.00","6,444.90","188.49K","0.90%"
"Aug 10, 2016","6,442.10","6,514.50","6,515.00","6,400.10","128.08K","-1.11%"
"Aug 09, 2016","6,514.50","6,519.90","6,515.00","6,425.10","205.03K","-0.08%"
"Aug 08, 2016","6,519.90","6,459.20","6,570.00","6,470.00","112.40K","0.94%"
"Aug 05, 2016","6,459.20","6,428.00","6,474.20","6,410.00","280.79K","0.49%"
"Aug 04, 2016","6,428.00","6,334.50","6,450.00","6,334.50","273.38K","1.48%"
"Aug 03, 2016","6,334.50","6,376.50","6,375.10","6,300.10","330.96K","-0.66%"
"Aug 02, 2016","6,376.50","6,480.00","6,500.10","6,260.00","710.45K","-1.34%"
"Aug 01, 2016","6,463.00","6,444.90","6,480.00","6,400.00","1.40M","0.28%"
"Jul 29, 2016","6,444.90","6,452.90","6,480.00","6,430.00","285.13K","-0.12%"
"Jul 28, 2016","6,452.90","6,492.80","6,498.00","6,433.00","234.60K","-0.61%"
"Jul 27, 2016","6,492.80","6,432.00","6,499.90","6,435.00","283.94K","0.95%"
"Jul 26, 2016","6,432.00","6,490.50","6,503.00","6,410.00","227.73K","-0.90%"
"Jul 25, 2016","6,490.50","6,595.10","6,601.00","6,406.10","219.68K","-1.59%"
"Jul 22, 2016","6,595.10","6,413.30","6,649.90","6,400.00","294.67K","2.83%"
"Jul 21, 2016","6,413.30","6,310.40","6,449.80","6,230.00","307.40K","1.63%"
"Jul 20, 2016","6,310.40","6,410.00","6,410.00","6,260.00","359.15K","-1.61%"
"Jul 19, 2016","6,413.80","6,181.40","6,437.90","6,180.00","310.86K","3.76%"
"Jul 18, 2016","6,181.40","6,094.10","6,198.90","6,050.00","159.24K","1.43%"
"Jul 15, 2016","6,094.10","6,065.00","6,100.00","6,050.00","295.51K","0.59%"
"Jul 14, 2016","6,058.60","6,032.80","6,069.90","6,000.00","1.07M","0.43%"
"Jul 13, 2016","6,032.80","6,025.90","6,048.00","5,994.00","245.25K","0.11%"
"Jul 12, 2016","6,025.90","5,997.20","6,039.10","5,970.00","695.03K","0.48%"
"Jul 11, 2016","5,997.20","5,985.00","6,014.00","5,965.00","189.16K","0.20%"
"Jul 08, 2016","5,985.00","5,969.40","6,000.00","5,950.00","194.89K","0.26%"
"Jul 07, 2016","5,969.40","6,002.90","6,010.00","5,960.00","96.74K","-0.56%"
"Jul 06, 2016","6,002.90","5,999.90","6,016.00","5,970.00","230.66K","0.05%"
"Jul 05, 2016","5,999.90","6,000.00","6,000.00","5,950.00","401.88K","0.00%"
"Jul 04, 2016","5,999.90","6,037.60","6,040.00","5,999.00","61.44K","-0.62%"
"Jul 01, 2016","6,037.60","5,996.30","6,054.00","5,999.80","576.24K","0.69%"
"Jun 30, 2016","5,996.30","6,062.80","6,048.20","5,900.00","524.59K","-1.10%"
"Jun 29, 2016","6,062.80","5,988.50","6,098.90","5,910.00","122.34K","1.24%"
"Jun 28, 2016","5,988.50","6,100.00","6,120.10","5,955.00","177.70K","-1.83%"
"Jun 24, 2016","6,100.00","5,851.00","6,106.10","5,850.00","149.67K","0.15%"
"Jun 23, 2016","6,091.10","6,086.10","6,120.00","6,001.00","70.18K","0.08%"
"Jun 22, 2016","6,086.10","6,086.30","6,137.90","6,030.10","125.02K","-0.00%"
"Jun 21, 2016","6,086.30","5,983.80","6,100.00","5,900.00","160.88K","1.71%"
"Jun 20, 2016","5,983.80","5,906.97","6,031.50","5,920.00","74.71K","1.30%"
"Jun 17, 2016","5,906.97","5,845.42","6,008.68","5,827.93","1.69M","1.05%"
"Jun 16, 2016","5,845.42","5,861.64","5,910.98","5,764.33","110.14K","0.66%"
"Jun 15, 2016","5,807.31","5,779.57","5,850.40","5,780.15","80.78K","0.48%"
"Jun 14, 2016","5,779.57","5,818.35","5,818.16","5,736.58","172.73K","-0.67%"
"Jun 13, 2016","5,818.35","5,862.42","5,910.88","5,774.19","58.36K","-0.75%"
"Jun 10, 2016","5,862.42","5,886.65","5,886.55","5,852.36","311.80K","-0.41%"
"Jun 09, 2016","5,886.65","5,878.25","5,925.63","5,862.13","199.56K","0.14%"
"Jun 08, 2016","5,878.25","6,028.02","5,969.60","5,871.99","341.64K","-2.48%"
"Jun 07, 2016","6,028.02","5,786.51","6,056.55","5,715.57","1.07M","4.17%"
"Jun 06, 2016","5,786.51","5,836.82","5,862.13","5,737.16","172.74K","-0.86%"
"Jun 03, 2016","5,836.82","5,797.35","5,862.13","5,764.42","72.24K","0.68%"
"Jun 02, 2016","5,797.35","5,792.56","5,862.13","5,765.40","48.55K","0.08%"
"Jun 01, 2016","5,792.56","5,772.05","5,862.13","5,716.65","139.40K","0.36%"
"May 31, 2016","5,772.05","5,904.82","5,862.32","5,727.30","1.04M","-2.25%"
"May 30, 2016","5,904.82","5,957.58","5,950.06","5,901.11","57.10K","-0.89%"
"May 27, 2016","5,957.58","5,937.36","5,959.83","5,779.08","177.95K","0.34%"
"May 26, 2016","5,937.36","5,782.01","5,958.75","5,782.01","53.04K","2.69%"
"May 25, 2016","5,782.01","5,754.85","5,785.72","5,744.88","159.05K","0.47%"
"May 24, 2016","5,754.85","5,695.15","5,779.96","5,695.06","1.12M","1.05%"
"May 23, 2016","5,695.15","5,712.06","5,759.54","5,622.76","29.94K","-0.30%"
"May 20, 2016","5,712.06","5,737.95","5,802.53","5,685.28","227.17K","-0.45%"
"May 19, 2016","5,737.95","5,818.84","5,759.54","5,689.10","185.63K","-1.39%"
"May 18, 2016","5,818.84","5,720.16","5,910.98","5,632.53","255.86K","1.73%"
"May 17, 2016","5,720.16","5,715.96","5,735.11","5,715.57","87.18K","0.07%"
"May 16, 2016","5,715.96","5,708.05","5,803.21","5,666.72","118.01K","0.14%"
"May 13, 2016","5,708.05","5,774.39","5,774.39","5,666.72","41.45K","-1.15%"
"May 12, 2016","5,774.39","5,748.99","5,783.96","5,715.57","459.71K","0.44%"
"May 11, 2016","5,748.99","5,724.46","5,764.42","5,715.57","75.97K","0.43%"
"May 10, 2016","5,724.46","5,736.77","5,735.11","5,655.58","102.15K","-0.21%"
"May 09, 2016","5,736.77","5,679.23","5,749.77","5,617.87","138.22K","1.01%"
"May 06, 2016","5,679.23","5,714.79","5,720.46","5,667.80","437.84K","-0.62%"
"May 05, 2016","5,714.79","5,697.69","5,753.68","5,681.38","663.10K","0.30%"
"May 04, 2016","5,697.69","5,702.68","5,728.27","5,671.80","332.41K","-0.09%"
"May 03, 2016","5,702.68","5,606.34","5,813.27","5,666.72","732.24K","1.72%"
"May 02, 2016","5,606.34","5,631.06","5,667.70","5,578.79","131.55K","-0.44%"
"Apr 29, 2016","5,631.06","5,722.61","5,715.57","5,622.76","388.66K","-1.60%"
"Apr 28, 2016","5,722.61","5,755.44","5,764.52","5,689.19","67.06K","-0.57%"
"Apr 27, 2016","5,755.44","5,780.45","5,783.96","5,681.48","23.51K","-0.43%"
"Apr 26, 2016","5,780.45","5,763.45","5,813.27","5,754.65","50.74K","0.29%"
"Apr 25, 2016","5,763.45","5,795.79","5,823.05","5,763.35","47.18K","-0.56%"
"Apr 22, 2016","5,795.79","5,822.36","5,822.07","5,744.30","21.23K","-0.46%"
"Apr 21, 2016","5,822.36","5,736.29","5,842.59","5,759.54","122.70K","1.50%"
"Apr 20, 2016","5,736.29","5,704.24","5,764.33","5,666.72","150.53K","0.56%"
"Apr 19, 2016","5,704.24","5,783.48","5,803.51","5,668.77","57.63K","-1.37%"
"Apr 18, 2016","5,783.48","5,706.19","5,808.39","5,764.33","437.21K","1.35%"
"Apr 15, 2016","5,706.19","5,793.73","5,764.42","5,697.79","70.76K","-1.51%"
"Apr 14, 2016","5,793.73","5,776.64","5,841.51","5,735.11","90.74K","0.30%"
"Apr 13, 2016","5,776.64","5,812.10","5,852.36","5,720.46","97.44K","-0.61%"
"Apr 12, 2016","5,812.10","5,702.87","5,841.61","5,700.92","30.24K","1.92%"
"Apr 11, 2016","5,702.87","5,795.59","5,823.05","5,676.49","99.67K","-1.60%"
"Apr 08, 2016","5,795.59","5,921.82","5,921.72","5,765.40","181.61K","-2.13%"
"Apr 07, 2016","5,921.82","6,093.68","6,093.68","5,862.13","63.70K","-0.36%"
"Apr 06, 2016","5,943.51","5,943.90","5,959.83","5,915.86","55.81K","-0.01%"
"Apr 05, 2016","5,943.90","5,846.20","5,950.06","5,862.13","174.13K","1.67%"
"Apr 04, 2016","5,846.20","5,806.73","5,862.13","5,784.45","121.85K","0.68%"
"Apr 01, 2016","5,806.73","5,778.40","5,813.27","5,722.22","131.53K","0.49%"
"Mar 31, 2016","5,778.40","5,827.73","5,842.59","5,715.57","308.31K","-0.85%"
"Mar 30, 2016","5,827.73","5,808.00","5,842.59","5,808.00","384.54K","0.34%"
"Mar 29, 2016","5,808.00","5,717.92","5,813.18","5,715.57","50.88K","1.58%"
"Mar 28, 2016","5,717.92","5,811.22","5,851.38","5,671.61","44.08K","-1.61%"
"Mar 24, 2016","5,811.22","5,823.05","5,823.05","5,764.42","81.56K","0.08%"
"Mar 23, 2016","5,806.73","5,716.74","5,813.27","5,661.84","94.74K","1.57%"
"Mar 22, 2016","5,716.74","5,771.85","5,857.24","5,666.72","114.16K","-0.95%"
"Mar 21, 2016","5,771.85","5,503.27","5,860.17","5,503.27","209.33K","4.88%"
"Mar 18, 2016","5,503.27","5,379.57","5,637.41","5,402.93","565.87K","2.30%"
"Mar 17, 2016","5,379.57","5,577.32","5,573.90","5,295.45","586.44K","-3.55%"
"Mar 16, 2016","5,577.32","5,616.31","5,710.69","5,569.02","73.14K","-0.69%"
"Mar 15, 2016","5,616.31","5,598.53","5,666.72","5,608.00","96.37K","0.32%"
"Mar 14, 2016","5,598.53","5,686.46","5,764.33","5,569.12","337.46K","-1.55%"
"Mar 11, 2016","5,686.46","5,655.68","5,774.19","5,655.00","91.17K","0.54%"
"Mar 10, 2016","5,655.68","5,739.31","5,861.93","5,569.02","300.54K","-1.46%"
"Mar 09, 2016","5,739.31","5,755.53","5,813.18","5,715.67","63.03K","-0.28%"
"Mar 08, 2016","5,755.53","5,837.90","5,764.42","5,676.59","76.42K","-1.41%"
"Mar 07, 2016","5,837.90","5,861.73","5,861.73","5,832.81","234.36K","-0.41%"
"Mar 04, 2016","5,861.73","5,869.94","5,910.98","5,764.72","52.07K","-0.14%"
"Mar 03, 2016","5,869.94","5,852.65","5,886.85","5,832.81","222.15K","0.30%"
"Mar 02, 2016","5,852.65","5,805.36","5,861.05","5,805.36","63.19K","0.81%"
"Mar 01, 2016","5,805.36","5,790.12","5,837.70","5,798.62","149.02K","0.26%"
"Feb 29, 2016","5,790.12","5,683.62","5,813.27","5,683.33","463.12K","1.87%"
"Feb 26, 2016","5,683.62","5,705.12","5,711.66","5,666.72","282.09K","-0.38%"
"Feb 25, 2016","5,705.12","5,744.00","5,788.85","5,686.26","213.66K","-0.68%"
"Feb 24, 2016","5,744.00","5,867.01","5,871.90","5,704.53","604.70K","-2.10%"
"Feb 23, 2016","5,867.01","6,000.47","5,998.91","5,863.98","400.13K","-2.22%"
"Feb 22, 2016","6,000.47","6,085.57","6,125.92","5,985.43","298.89K","-1.40%"
"Feb 19, 2016","6,085.57","6,237.89","6,161.09","6,057.53","294.43K","-2.44%"
"Feb 18, 2016","6,237.89","6,376.92","6,376.04","6,094.66","421.55K","-2.18%"
"Feb 17, 2016","6,376.92","6,352.10","6,389.42","6,368.22","61.18K","0.39%"
"Feb 16, 2016","6,352.10","6,387.37","6,399.49","6,350.54","180.98K","-0.55%"
"Feb 15, 2016","6,387.37","6,360.11","6,413.17","6,359.43","28.79K","0.43%"
"Feb 12, 2016","6,360.11","6,255.67","6,389.72","6,301.78","27.55K","1.67%"
"Feb 11, 2016","6,255.67","6,363.92","6,350.64","6,250.78","204.41K","-1.70%"
"Feb 10, 2016","6,363.92","6,360.41","6,370.18","6,287.23","102.83K","0.07%"
"Feb 09, 2016","6,359.23","6,350.93","6,371.15","6,262.80","95.65K","0.13%"
"Feb 08, 2016","6,350.93","6,419.91","6,418.64","6,350.64","41.55K","-1.07%"
"Feb 05, 2016","6,419.91","6,554.44","6,494.06","6,360.41","37.06K","-2.05%"
"Feb 04, 2016","6,554.44","6,318.20","6,643.74","6,318.40","179.43K","3.74%"
"Feb 03, 2016","6,318.20","6,387.47","6,399.49","6,272.38","79.62K","-1.08%"
"Feb 02, 2016","6,387.47","6,586.78","6,546.04","6,301.98","142.92K","-3.03%"
"Feb 01, 2016","6,586.78","6,713.60","6,594.89","6,506.96","123.47K","-1.89%"
"Jan 29, 2016","6,713.60","6,371.45","6,839.15","6,370.18","376.30K","5.37%"
"Jan 28, 2016","6,371.45","6,272.08","6,643.74","6,316.44","180.26K","1.58%"
"Jan 27, 2016","6,272.08","6,347.02","6,326.21","6,204.18","61.42K","-1.18%"
"Jan 26, 2016","6,347.02","6,336.86","6,422.94","6,326.21","76.64K","0.16%"
"Jan 25, 2016","6,336.86","6,323.09","6,445.41","6,253.03","69.51K","0.22%"
"Jan 22, 2016","6,323.09","6,274.33","6,397.44","6,252.93","129.47K","0.78%"
"Jan 21, 2016","6,274.33","6,141.85","6,330.02","6,106.38","140.52K","2.16%"
"Jan 20, 2016","6,141.85","6,203.20","6,203.11","6,047.76","115.66K","-0.99%"
"Jan 19, 2016","6,203.20","6,155.23","6,300.81","6,155.23","156.00K","0.79%"
"Jan 18, 2016","6,154.45","6,053.91","6,246.98","6,067.30","137.50K","1.66%"
"Jan 15, 2016","6,053.91","6,345.75","6,345.75","5,961.68","400.91K","-2.99%"
"Jan 14, 2016","6,240.43","6,281.95","6,252.93","6,156.21","129.70K","-0.66%"
"Jan 13, 2016","6,281.95","6,289.57","6,370.18","6,253.91","187.84K","-0.12%"
"Jan 12, 2016","6,289.57","6,274.14","6,399.49","6,282.15","196.02K","0.25%"
"Jan 11, 2016","6,274.14","6,350.64","6,438.57","6,263.68","223.09K","-1.39%"
"Jan 08, 2016","6,362.26","6,313.12","6,389.72","6,311.56","108.65K","0.78%"
"Jan 07, 2016","6,313.12","6,325.43","6,389.72","6,252.93","187.74K","-0.19%"
"Jan 06, 2016","6,325.43","6,269.15","6,438.57","6,248.05","577.90K","0.90%"
"Jan 05, 2016","6,269.15","6,145.76","6,301.78","6,145.76","557.18K","2.01%"
"Jan 04, 2016","6,145.76","6,195.39","6,350.64","6,058.51","152.54K","-0.80%"
"Dec 30, 2015","6,195.39","6,140.58","6,204.08","6,140.58","148.51K","0.89%"
"Dec 29, 2015","6,140.58","6,205.74","6,233.39","6,081.96","133.05K","-1.05%"
"Dec 28, 2015","6,205.74","6,301.78","6,301.78","6,165.20","49.33K","-1.52%"
"Dec 24, 2015","6,301.78","6,380.24","6,335.98","6,299.83","15.03K","-1.23%"
"Dec 23, 2015","6,380.24","6,312.92","6,399.49","6,301.78","78.92K","1.07%"
"Dec 22, 2015","6,312.92","6,342.33","6,369.20","6,160.12","80.41K","-0.46%"
"Dec 21, 2015","6,342.33","6,294.65","6,379.95","6,266.71","70.43K","0.76%"
"Dec 18, 2015","6,294.65","6,340.38","6,482.53","6,111.27","694.19K","-0.72%"
"Dec 17, 2015","6,340.38","6,449.51","6,482.53","6,311.56","204.88K","-0.18%"
"Dec 16, 2015","6,351.81","6,244.24","6,435.64","6,301.78","1.48M","1.72%"
"Dec 15, 2015","6,244.24","6,067.79","6,344.77","6,125.92","83.78K","2.91%"
"Dec 14, 2015","6,067.79","5,938.04","6,145.27","5,930.61","267.24K","2.19%"
"Dec 11, 2015","5,938.04","6,008.97","6,013.56","5,921.72","279.24K","-1.18%"
"Dec 10, 2015","6,008.97","6,071.21","6,075.12","6,008.68","169.43K","-1.03%"
"Dec 09, 2015","6,071.21","6,108.43","6,155.23","6,008.68","347.97K","-0.61%"
"Dec 07, 2015","6,108.43","6,141.06","6,169.98","6,106.38","117.57K","-0.50%"
"Dec 04, 2015","6,139.21","6,154.55","6,340.87","6,116.15","116.48K","-0.25%"
"Dec 03, 2015","6,154.55","6,213.56","6,301.69","6,112.24","58.60K","-0.95%"
"Dec 02, 2015","6,213.56","6,277.95","6,251.86","6,096.61","196.96K","-1.03%"
"Dec 01, 2015","6,277.95","6,340.77","6,340.77","6,058.51","280.28K","1.13%"
"Nov 30, 2015","6,207.99","6,251.76","6,350.54","6,155.04","393.94K","-0.70%"
"Nov 27, 2015","6,251.76","6,306.18","6,350.64","6,228.51","82.48K","-0.86%"
"Nov 26, 2015","6,306.18","6,340.87","6,340.87","6,233.39","25.59K","-0.21%"
"Nov 25, 2015","6,319.18","6,351.61","6,399.49","6,252.93","36.91K","-0.51%"
"Nov 24, 2015","6,351.61","6,447.95","6,448.44","6,351.61","244.63K","-1.49%"
"Nov 23, 2015","6,447.95","6,431.63","6,477.65","6,389.72","37.71K","0.25%"
"Nov 20, 2015","6,431.63","6,454.59","6,526.50","6,399.49","54.65K","-0.36%"
"Nov 19, 2015","6,454.59","6,332.17","6,526.40","6,350.64","62.61K","1.93%"
"Nov 18, 2015","6,332.17","6,352.20","6,352.20","6,272.48","14.05K","-0.32%"
"Nov 17, 2015","6,352.20","6,295.44","6,448.34","6,306.67","189.91K","0.90%"
"Nov 16, 2015","6,295.44","6,340.67","6,340.87","6,272.48","180.60K","-0.71%"
"Nov 13, 2015","6,340.67","6,334.91","6,529.24","6,301.78","116.89K","0.09%"
"Nov 12, 2015","6,334.91","6,315.27","6,345.75","6,204.08","54.87K","0.31%"
"Nov 11, 2015","6,315.27","6,348.98","6,414.14","6,272.48","69.09K","-0.53%"
"Nov 10, 2015","6,348.98","6,374.96","6,374.09","6,204.08","68.61K","-0.41%"
"Nov 09, 2015","6,374.96","6,332.76","6,419.03","6,333.05","518.58K","0.67%"
"Nov 06, 2015","6,332.76","6,340.57","6,387.67","6,290.84","29.02K","-0.12%"
"Nov 05, 2015","6,340.57","6,326.41","6,389.72","6,292.02","161.53K","0.22%"
"Nov 04, 2015","6,326.41","6,253.42","6,389.72","6,263.68","137.14K","1.17%"
"Nov 03, 2015","6,253.42","6,207.70","6,277.26","6,104.43","442.27K","0.74%"
"Nov 02, 2015","6,207.70","6,250.20","6,272.48","6,106.38","137.73K","-0.68%"
"Oct 30, 2015","6,250.20","6,226.07","6,301.10","6,106.38","251.86K","0.39%"
"Oct 29, 2015","6,226.07","6,381.90","6,379.95","6,204.08","383.63K","-2.44%"
"Oct 28, 2015","6,381.90","6,427.33","6,448.34","6,362.46","38.72K","-0.71%"
"Oct 27, 2015","6,427.33","6,433.78","6,516.73","6,361.38","35.76K","-0.10%"
"Oct 26, 2015","6,433.78","6,439.06","6,458.11","6,399.49","105.86K","-0.08%"
"Oct 23, 2015","6,439.06","6,447.46","6,477.65","6,399.49","123.81K","-0.13%"
"Oct 22, 2015","6,447.46","6,469.15","6,643.74","6,424.99","181.69K","-0.34%"
"Oct 21, 2015","6,469.15","6,466.80","6,594.89","6,399.49","127.07K","0.04%"
"Oct 20, 2015","6,466.80","6,458.99","6,496.02","6,399.78","165.17K","0.12%"